"View and edit cart","Voir & modifier mon Panier"
" for more information or "," pour plus d'Information "
" if you are not redirected automatically."," si vous n'êtes pas redirigé"
"-- Please Select --","Veuillez sélectionner"
"-- Please Select Billing Agreement--","Veuillez sélectionner les options de facturation"
"--Please Select--","Veuillez sélectionner"
"(Excl. Tax)","Montant H.T."
"(Incl. Tax)","Montant T.T.C."
"* Required Fields","* Champs obligatoires"
"%1 has been added to your Wish List.","%1 a été ajouté à votre Liste d'Envies"
"%1 is available to buy in increments of %2","%1 es disponible pour l'achat par incrément de %2"
"%1 Item","%1 Article"
"%1 Item(s)","%1 Article(s)"
"%1 Items","%1 Articles"
"%1 items","%1 Articles"
"%1 Review(s)","%1 Évaluation(s)"
"%customer_name wants to share this Wish List from %store_name with you:","%customer_name souhaite partager sa Liste d'Envies de %store_name avec vous :"
"%sender_name wants to share this product with you:","%sender_name souhaite partager ce produit avec vous :"
"%store_name offers limited time sales of products only to members.","%store_name offres à durée limitée exclusivement pour les membres."
"<a href=""%1"" onclick=""this.target='_blank'"" class=""print"">Print receipt</a>","<a href=""%1"" onclick=""this.target='_blank'"" class=""print"">Pour imprimer la facture</a>"
"<a href=""%1"">Learn more</a>.","<a href=""%1"">En savoir plus</a>."
"<span class=""label"">Order Date:</span> %1","<span class=""label"">Date de commande :</span> %1"
"<strong>%1 item</strong> were found using the following search criteria","<strong>%1 résultat</strong> ont été trouvé sur la base de ces critères."
"<strong>%1 items</strong> were found using the following search criteria","<strong>%1 résultats</strong> ont été trouvé sur la base de ces critères."
"<strong>Attention</strong>: Captcha is case sensitive.","<strong>Attention</strong>: Bien respecter les minuscules et majuscules."
"A letter with further instructions will be sent to your email.","Un courriel avec des informations supplémentaires vous sera adressé dans votre messagerie."
"About the calendar","Calendrier"
"About Your Order","Au sujet de votre commande"
"Account","Compte"
"Account Dashboard","Rubriques du compte"
"Account Information","Information sur le compte"
"Action","Action"
"Actions","Actions"
"Actual Price","Prix TTC"
"Add","Ajouter"
"Add All to Cart","Ajouter au panier"
"Add Invitee","Ajouter un invité"
"Add New Address","Ajouter une nouvelle adresse"
"Add Row","Ajouter une colonne"
"  Add to Cart  ","Ajouter au panier"
"Add to Cart","Panier"
"Add to Compare","Ajouter au comparateur"
"Add to Wish List","Enregistrer dans mes favoris"
"Add to:","Ajouter à :"
"Add Your Review","Ajouter votre évaluation"
"Added","Ajouté"
"Adding...","En cours d'ajout..."
"Additional Address Entries","Carnet d’adresses"
"Additional Options","Options supplémetaires"
"Address","Adresse"
"Address %1 <span>of %2</span>","Adresse %1 <span>de %2</span>"
"Address Book","Carnet d'adresses"
"Address Information","Information sur l'adresse"
"Addresses","Adresses"
"Advanced Search","Recherche avancée"
"Agreement Information","Détail de la Commande"
"Allow Cookies","Autoriser les cookies"
"An error occurred on the server. Please try to place the order again.","Une erreur s'est produite sur le serveur. Merci de faire une nouvelle tentative."
"Apply Discount","Appliquer la Remise"
"Apply Discount Code","Appliquer le Code Promo"
"Are you sure you want to delete this address?","Êtes-vous sûr de vouloir supprimer cette adresse ?"
"Are you sure you want to delete this item?","Êtes-vous sûr de vouloir supprimer cet article ?"
"Are you sure you want to delete your wish list? This action can't be undone.","Êtes-vous sûr de vouloir supprimer votre liste d'envies ? Sa restauration ne sera pas possible."
"Are you sure you want to do this?","Êtes-vous certain de vouloir mener cette action ?"
"As low as","Aussi bas que"
"Attention: Captcha is case sensitive.","Attention: Bien respecter les minuscules et majuscules, pour ce captcha."
"Availability","Disponibilité"
"Availability:","Disponibilité :"
"available","sur stock"
"Average Customer Rating","Moyenne d'évaluation Client"
"Average Customer Rating:","Moyenne d'évaluation Client :"
"Back","Retour"
"Back to Billing Agreements","Retour aux modes de paiement"
"Back to Billing Information","Retour sur l'adresse de Facturation"
"Back to Invitations","Retour aux invitations"
"Back to Main Product Info","Retour sur la Page Produit"
"Back to My Reviews","Retour sur mes évaluations"
"Back to Product Reviews","Retour sur les évaluations produits"
"Back to Select Addresses","Retour sur la saisie des adresses"
"Back to Shipping Information","Retour sur les informations d'expédition"
"Back to Shopping Cart","Retour dans le panier"
"Back to Sign In","Retour sur S'identifier"
"Balance","Solde"
"Balance Change","Résumé"
"Balance History","Résumé historique"
"Be the first to review this product","Soyez le premier à évaluer ce produit"
"Billing Address","Adresse de Facturation"
"Billing Agreement","Détail de Facturation"
"Billing Agreement # ","Détail de Facturation # "
"Billing Agreements","Détails de Facturation"
"Billing Info","Info de Facturation"
"Billing Information","Information de Facturation"
"Billing Last Name","Nom pour la Facturation"
"Billing ZIP Code","Code Postal Facturation"
"Buy %1 for %2 each","Acheter %1 pour %2 l'unité"
"Buy %1 for %2 each and <strong class=""benefit"">save<span class=""percent tier-%3"">&nbsp;%4</span>%</strong>","Acheter %1 pour %2 l'unité et <strong class=""benefit"">save<span class=""percent tier-%3"">&nbsp;%4</span>%</strong>"
"Buy %1 for: ","Acheter %1 pour : "
"Buy %1 with %2 discount each","Acheter %1 avec %2 de remise sur chaque unité"
"Buy now with PayPal","Acheter maintenant avec Paypal"
"Cancel","Annuler"
"Cancel Coupon","Annuler le Bon d'Achat"
"Canceled","Annulé"
"Card Number","Numéro de carte"
"Card Verification Number","Cryptogramme"
"Card Verification Number Visual Reference","Visuel Cryptogramme"
"Carrier Title","Nom du transporteur"
"Carrier:","Transporteur :"
"Cart Subtotal","Sous-Total Panier"
"Catalog Advanced Search","Recherche avancée dans le catalogue"
"Category","Catégorie"
"Change","Modifier"
"Change Billing Address","Modifier l'adresse de Facturation"
"Change Email","Modifier l'adresse e-mail"
"Change Email and Password","Modifier l'adresse e-mail et le Mot de Passe"
"Change Password","Changer le Mot de Passe"
"Change Shipping Address","Modifier l'adresse de Livraison"
"Check 'Remember Me' to access your shopping cart on this computer even if you are not signed in.","Cocher 'Se souvenir de moi' pour accéder à votre panier sur cet ordinateur, y compris sans vous être identifié."
"Check &quot;Remember Me&quot; to access your shopping cart on this computer even if you are not signed in.","Cocher &quot;Se souvenir de Moi&quot; pour accéder à votre panier sur cet ordinateur, y compris sans vous être identifié."
"Check here to link an RSS feed to your Wish List.","Cliquer ici pour lier un RSS à votre Liste d'Envies."
"Check items to add to the cart or","Vérifier les articles à ajouter au panier ou"
"Check out faster","Passer la commande plus rapidement"
"Check Out with Multiple Addresses","Passer la commande avec Différentes Adresses"
"Check the status of orders","Vérifier l'état des commandes"
"Checkout out as a new customer","Passer la commande en tant que nouveau client"
"Checkout out using your account","Passer la commande en utilisant votre compte"
"Checkout with PayPal","Passer la commande avec PayPal"
"Choose a selection...","Choisir une sélection..."
"Choose an Option...","Choisir une option..."
"City","Ville"
"Clear All","Tout supprimer"
"Clear Shopping Cart","Vider le Panier"
"Click <a href=""%1"">here</a> to continue shopping.","Cliquer <a href=""%1"">ici</a> pour poursuivre vos achats."
"Click for price","Cliquer pour le prix"
"Click here to stop alerts for this product.","Cliquer ici pour stopper les rappels d'info sur ce produit."
"Close","Fermer"
"Close Window","Fermer la fenêtre"
"Comment","Commentaire"
"Company","Société"
"Compare","Comparer"
"Compare Products","Comparer les produits"
"Confirm New Password","Confirmer le nouveau mot de passe"
"Confirm Password","Confirmer le mot de passe"
"Confirm Your Account","Confirmer votre compte"
"Contact Information","Information de contact"
"Contact Us","Nous contacter"
"contact us","nous contacter"
"Continue","Continuer"
"Continue Shopping","Poursuivre les Achats"
"continue shopping","poursuivre les achats"
"Continue to Billing Information","Aller sur la page de Paiement"
"Continue to PayPal","Poursuivre sur PayPal"
"Continue to Worldpay","Poursuivre sur Worldpay"
"Copy Selected to Wish List","Copier les Sélectionnés dans la Liste d'Envies"
"Copy to Wish List","Copie dans la Liste d'Envies"
"Country","Pays"
"Create an Account","Créer un Compte"
"Create Billing Address","Créer une Adresse de Facturation"
"Create New Wish List","Créer une Nouvelle Liste d'Envies"
"Create Shipping Address","Créer une Adresse de Livraison"
"Create...","Créer..."
"Created","Créé(e)"
"Created At","Créé(e) à"
"Created:","Créé(e) :"
"Creating an account has many benefits:","Créer un compte présente de nombreux avantages :"
"Creating an account has many benefits: check out faster, keep more than one address, track orders and more.","Créer un compte présente de nombreux avantages : commande plus rapide, sauvegarder plus d'une adresse, suivi de commande et plus."
"Credit Card Information","Information carte bancaire"
"Credit Card Number","Numéro de carte bancaire"
"Credit Card Type","Type de carte bancaire"
"Current Password","Mot de passe courant"
"Customer Information","Information Client"
"Customer Reviews","Évaluations Client"
"Customize %1","Personnaliser %1"
"Customize and Add to Cart","Personnaliser et Ajouter au Panier"
"Date","Date"
"Default Addresses","Adresse par défaut"
"Default Billing","Facturation par Défaut"
"Default Billing Address","Adresse de Facturation par Défaut"
"Default Shipping","Livraison par Défaut"
"Default Shipping Address","Adresse de Livraison par Défaut"
"Delete","Supprimer"
"Delete Address","Supprimer l'Adresse"
"Delete Wish List","Supprimer la Liste d'Envies"
"Delivered on:","Livré le :"
"Description","Description"
"Details","Détails"
"Discount Amount","Montant de la Remise"
"Don't see what you're looking for?","Aucun résultat pour vos critères de recherche."
"edit","modifier"
"Edit","Modifier"
"Edit Account Information","Modifier les Information du Compte"
"Edit Address","Modifier l'adresse"
"Edit item parameters","Détails"
"Edit Items","Modifier les articles"
"Edit item","Modifier l'article"
"Edit Payment Information","Modifier les Informations de Paiement"
"Edit Shipping Address","Modifier les Informations de Livraison"
"Edit Shopping Cart","Modifier le Panier"
"Edit Wish List","Modifier la Liste d'Envies"
"Edit Your Cart","Modifier Votre Panier"
"Email","E-mail"
"Email Address","Adresse e-mail"
"Email addresses, separated by commas","Adresses e-mail, séparées par des virgules"
"Email to a Friend","Envoyer un e-mail à un(e) ami(e)"
"email us at ","Nous adresser un e-mail à "
"Email:","E-mail :"
"Empty","Vide"
"ending","En cours de finalisation"
"Enter a New Address","Entrer une nouvelle adresse"
"Enter discount code","Entrer un bon de remise"
"Enter Email","Entrer une adresse e-mail"
"Enter your email address","Entrez votre adresse e-mail"
"Error:","Erreur :"
"Estimate Shipping and Tax","Estimation du Montant du Coût d'Expédition"
"Estimate Tax","Estimation des Taxes"
"Estimated Total","Estimation du Total"
"Excl. Tax","Hors Taxes"
"Expiration Date","Date d'Expiration"
"Fax","Fax"
"File","Archiver"
"Final Price","Prix Final"
"Find Order By","Trouver la Commande par"
"First Name","Prénom"
"For delivery questions.","Pour les questions relatives à la livraison"
"For the best experience on our site, be sure to turn on Javascript in your browser.","Pour une navigation optimale sur notre site, assurez-vous que Javascript est ouvert dans votre navigateur."
"For the best experience on our site, be sure to turn on Local Storage in your browser.","Pour une navigation optimale sur notre site, assurez-vous que le stockage local est disponible dans votre navigateur."
"Forgot an Item?","Vous avez oublié un article ?"
"Forgot your account password? Click <a href=""%reset_url"">here</a> to reset it.","Vous avez oublié votre mot de passe ? Cliquer <a href=""%reset_url"">here</a> pour le réinitialiser."
"Forgot Your Password?","Vous avez oublié votre mot de passe ?"
"From:","De :"
"Gender","Genre :"
"General Subscription","Abonnement"
"Gift Message","Message Cadeau"
"Gift Message for This Order","Message Cadeau pour Cette Commande"
"Go back","Retour"
"Go back to product details","Retour à l'information produit"
"Go to Checkout","Passer Commande"
"Go to Review Your Order","Vérifier Votre Commande"
"Go to Shipping Information","Aller sur Information Livraison"
"Go to Wish List","Aller sur la Liste d'Envies"
"Go Today","Expédier ce jour"
"Grand Total Excl. Tax","Montant Total H.T."
"Grand Total Incl. Tax","Montant Total T.T.C."
"Grand Total:","Montant Total :"
"Grand Total","Montant Total"
"Group","Groupe"
"Grouped product items","Articles groupés"
"Guest checkout is disabled.","La fonction commande sans créer de compte est couramment indisponible."
"Hello,","Bonjour,"
"Help Us Keep Magento Healthy","Aidez-nous à préserver Magento"
"here","ici"
"Hour","Heure"
"If you believe it is the right one you can ignore this notice.","Si vous pensez qu'il est idoine, vous pouvez ignorer cet avis."
"If you did not make this request, you can ignore this email and your password will remain the same.","Si vous n'avez pas fait cette demande, vous pouvez ignorer cet e-mail et votre mot de passe restera inchangé."
"If you have an account, sign in with your email address.","Si votre compte est créé, identifiez-vous avec votre adresse e-mail."
"If you have not authorized this action, please contact us immediately at <a href=""mailto:%store_email"">%store_email</a>","Si vous n'avez pas autorisé cette action, veuillez nous contacter immédiatement sur <a href=""mailto:%store_email"">%store_email</a>"
"If you have questions about your order, you can email us at <a href=""mailto:%store_email"">%store_email</a>","Si vous avez des questions relatives à votre commande, vous pouvez nous adresser un e-mail sur <a href=""mailto:%store_email"">%store_email</a>"
"If you requested this change, set a new password here:","Si vous avez requis ce changement, réinitialiser votre mot de passe ici :"
"In stock","En stock"
"In stock alert! We wanted you to know that these products are now available:","Information de retour sur stock ! Nous voulions vous informer que ces produits sont maintenant à nouveau disponibles:"
"Incl. Tax","T.V.A.  Incluse"
"Incorrect credit card expiration month.","Mois d'expiration de la carte invalide."
"Incorrect credit card expiration year.","Année d'expiration de la carte invalide."
"Info:","Info :"
"Invite your friends by entering their email addresses","Invitez vos amis à renseigner leur adresse e-mail"
"Invitee","Invité(e)"
"Invoice #","Facture #"
"Invoice for your %store_name order","Facture pour votre %store_name order"
"Invoices","Factures"
"It's a default billing address.","Ceci est une adresse de facturation par défaut."
"It's a default shipping address.","Ceci est une adresse de livraison par défaut."
"Item","Article"
"item","article"
"Item in Cart","Article dans le Panier"
"items","articles"
"Items","Articles"
"Items %1 to %2 of %3 total","Articles %1 to %2 de %3 total"
"Items %1-%2 of %3","Articles %1-%2 de %3"
"Items in Cart","Articles dans le Panier"
"Items in Your Shopping Cart","Articles dans le Panier"
"Items Invoiced","Articles Facturés"
"Items Ordered","Articles Commandés"
"Items Refunded","Articles Remboursés"
"Items Shipped","Articles Expédiés"
"JavaScript seems to be disabled in your browser.","JavaScript semble être désactivé dans votre navigateur."
"Jot us a note and we’ll get back to you as quickly as possible.","Laissez-nous un message et nous reviendrons vers vous dans les meilleurs délais."
"label","étiquette"
"Last Added Items","Dernier(s) Article(s) ajouté(s)"
"Last Name","Nom de Famille"
"Last Ordered Items","Dernier(s) Article(s) commandé(s)"
"Learn More","En Savoir Plus"
"Loading...","Chargement en cours..."
"Local Storage seems to be disabled in your browser.","Le stockage local semble être indisponible dans votre navigateur."
"Local Time","Heure Locale"
"Location","Situation géographique"
"Login","Se connecter"
"Make Check payable to","Établir le Chèque à l'Ordre de"
"Make Check payable to:","Établir le Chèque à l'Ordre de :"
"Manage Addresses","Gérer les Adresses"
"Maximum %1 email addresses allowed.","Maximum %1 des adresses e-mails permises."
"Maximum image height","Hauteur maximale de l'image"
"Maximum image width","Largeur maximale de l'image"
"Maximum number of characters:","Nombre de caractères maximals :"
"Medium","Moyen"
"Menu","Menu"
"Message","Message"
"Message from %customer_name:","Message de %customer_name :"
"Message from %sender_name:","Message de %sender_name :"
"Message:","Message :"
"Method Title","Mode d'Expédition"
"Minute","Minute"
"Modify your search.","Modifier votre recherche."
"More Choices:","Plus de choix :"
"More Information","Plus d'Information"
"Move Selected to Wish List","Transférer les sélectionnés dans la Liste d'Envies"
"Move to Wish List","Transférer dans la Liste d'Envies"
"Move to Wishlist","Transférer dans la Liste d'Envies"
"My Account","Mon Compte"
"My billing and shipping address are the same","Mon adresse de facturation et de livraison sont identiques"
"My Cart","Panier"
"My Dashboard","Mon Tableau de Bord"
"My Invitations","Mes Invitations"
"My Orders","Mes Commandes"
"My Recent Reviews","Mes Évaluations Récentes"
"My Wish Lists","Mes Listes d'Envies"
"N/A","N/A"
"name","nom"
"Name","Nom"
"New Address","Nouvelle Adresse"
"New Billing Agreement","Nouvelle Facturation"
"New Customers","Nouveaux Clients"
"New Password","Nouveau Mot de Passe"
"New Products","Nouveaux Produits"
"Newsletter subscription confirmation","Confirmation d'abonnement à la newsletter"
"Newsletter subscription success","Inscription à la newsletter enregistré"
"Newsletter Subscriptions","Abonnements à la newsletter"
"Newsletter unsubscription success","Désinscription de la newsletter enregistré"
"Newsletters","Newsletter"
"Next","Suivant(e)"
"Nickname","Surnom"
"No options of this product are available.","Aucune option pour ce produit n'est disponible."
"No Password","Pas de Mot de Passe"
"No Payment method available.","Aucun mode de paiement disponible."
"No shipping information available","Aucune information de livraison n'est disponible."
"None","Aucun(e)"
"none","aucun(e)"
"Not yet calculated","Pas encore calculé"
"Notify me when the price drops","Me notifier lorsque le prix est réduit"
"Notify me when this product is in stock","Me notifier lorsque cet article est sur stock"
"Now Shopping by","Shopping par"
"Once your package ships we will send an email with a link to track your order.","Une fois votre colis expédié, nous vous adresserons un e-mail avec un lien pour vous permettre de suivre votre commande."
"Once your package ships we will send you a tracking number.","Une fois votre colis expédié, nous vous adresserons un numéro de suivi."
"Only %1 left","Seulement %1 restant"
"Only registered users can write reviews. Please <a href=""%1"">Sign in</a> or <a href=""%2"">create an account</a>","Seuls les internautes enregistrés peuvent écrire des évaluations. Merci <a href=""%1"">S’identifier</a> ou <a href=""%2"">de créer un compte</a>"
"Options Details","Détails des Options"
"or","ou"
"or call us at <a href=""tel:%store_phone"">%store_phone</a>","ou téléphonez-nous au<a href=""tel:%store_phone"">%store_phone</a>"
"Order #","Commande #"
"Order by SKU","Commandé par Code"
"Order ID","Identification de la Commande"
"Order Information","Information Commande"
"Order Review","Évaluation Commande"
"Order Shipments","Livraisons Commande"
"Order Status","Statut de la Commande"
"Order Summary","Résumé de la Commande"
"Order Total","Total de la Commande"
"Order Total Excl. Tax","Total de la Commande H.T."
"Order Total Incl. Tax","Total de la Commande T.V.A. Incluse"
"Order total will be displayed before you submit the order","Le montant total de la commande sera affiché avant que vous ne confirmiez la commande"
"Order tracking","Suivi de la commande"
"Ordered","Commandé(s)"
"Orders","Commandes"
"Orders and Returns","Commandes et Retours"
"Other items in your order","Autres articles dans votre commande"
"Our hours are <span class=""no-link"">%store_hours</span>.","Nos heures d'ouverture sont<span class=""no-link"">%store_hours</span>."
"Out of stock","Hors stock"
"Overview","Aperçu"
"Owner","Client"
"Owner Email","E-mail Client"
"Page","Page"
"Password","Mot de Passe"
"Password forgotten","Mot de Passe oublié"
"Password Strength","Évaluation Mot de Passe"
"Password you set when creating account","Mot de Passe choisi lors de la création du compte"
"Password:","Mot de Passe :"
"Payment","Paiement"
"Payment Information","Information Paiement"
"Payment Method","Méthode de Paiement"
"Payment Method:","Méthode de Paiement :"
"Payment was canceled","Le paiement a été annulé"
"PayPal Account","Compte PayPal"
"per page","par page"
"Personal Information","Information Personnelle"
"Phone Number","Numéro de Téléphone"
"Place Order","Passer Commande"
"Placed on <span class=""no-link"">%created_at</span>","Passé le <span class=""no-link"">%created_at</span>"
"Please ","S'il vous plaît "
"Please accept this invitation to join %store_name.","Merci d'accepter cette invitation à rejoindre %store_name."
"Please choose a payment method.","Veuillez choisir une méthode de paiement."
"Please click ","Veuillez cliquer "
"Please confirm your %store_name account","Merci de confirmer votre %store_name account"
"Please do not refresh the page until you complete payment.","Veuillez ne pas mettre à jour la page avant que votre paiement ne soit fait."
"Please enter a valid credit card number.","Veuillez indiquer un numéro de carte bancaire valide."
"Please enter a valid credit card type number.","Veuillez utiliser un type de carte bancaire valide."
"Please enter a valid credit card verification number.","Veuillez indiquer un cryptogramme valide."
"Please enter at least two letters.","Veuillez taper aux moins deux lettres."
"Please enter your email address below to receive a password reset link.","Veuillez renseigner votre adresse e-mail ci-dessous afin de recevoir un lien de réinitialisation."
"Please enter your email below and we will send you the confirmation link.","Veuillez renseigner votre adresse e-mail ci-dessous et nous vous adresserons un e-mail de confirmation."
"Please select a region, state or province.","Veuillez sélectionner une région"
"Please select a shipping address for applicable items.","Merci de sélectionner une adresse de livraison pour les articles concernés."
"Please select a shipping method...","Veuillez sélectionner un mode de livraison..."
"Please select items to copy.","Veuillez sélectionner les articles à copier."
"Please select items to move.","Veuillez sélectionner les articles à bouger."
"Please type the letters below","Veuillez taper les lettres ci-dessous"
"Please update order data to get shipping methods and rates","Veuillez mettre à jour les informations de la commande, afin d'obtenir les modes et coûts de livraison."
"Please use the following link to create an account and view the deals:","Veuillez utiliser le lien suivant pour créer un compte et accéder aux offres :"
"Posted on","Posté le"
"Prev","Précédent"
"Previous","Précédent"
"Price","Prix"
"Price change alert! We wanted you to know that prices have changed for these products:","Attention Changement Tarifaire ! Nous souhaitons vous informer que les prix pour ces articles ont changés :"
"Price:","Prix :"
"Print All Invoices","Imprimer Toutes les Factures"
"Print All Refunds","Imprimer Tous les Remboursements"
"Print All Shipments","Imprimer Toutes les Livraisons"
"Print Invoice","Imprimer la Facture"
"Print Order","Imprimer la Commande"
"Print Refund","Imprimer le Remboursement"
"Print Shipment","Imprimer la Livraison"
"Print This Page","Imprimer Cette Page"
"Private Wish List","Liste d'Envies Privée"
"Proceed through checkout faster","Passer commande plus rapidement"
"Proceed to Checkout","Passer commande"
"Product","Produit"
"Product availability","Disponibilité produit"
"Product Details and Comment","Détails Produit et Évaluation"
"Product Info","Info Produit"
"Product Name","Nom Produit"
"Product Rating","Notation Produit"
"Product Rating:","Notation Produit :"
"Product Review (submitted on %1):","Évaluation Produit (faite le %1) :"
"Product Reviews","Évaluations Produit"
"Products back in stock alert","Information de retour sur stock des produits"
"Products price changed alert","Information de changement de prix des produits"
"Products Requiring Attention","Produits Sous Surveillance"
"Provided Zip/Postal Code seems to be invalid.","Le Code Postal rentré est invalide."
"Public Wish List","Liste d'Envies Publique"
"Purchase Order Number","Numéro de Commande"
"px.","px."
"Qty","Qté"
"Qty:","Qté :"
"Qty Invoiced","Qté Facturée"
"Qty Shipped","Qté Expédiée"
"Quantity","Quantité"
"Rating","Notation"
"Ratings Review Summary","Résumé des Commentaires & Évaluations"
"Recent Orders","Commandes Récentes"
"Recently added item(s)","Article(s) récemment ajouté(s)"
"Recently Compared","Récemment comparés"
"Recently Ordered","Récemment commandés"
"Recently Viewed","Récemment visualisés"
"Reference ID","N° de Référence"
"Reference ID:","N° de Référence :"
"Refund #","Remboursement #"
"Refund #%1","Remboursement #%1"
"Refunded","Remboursé"
"Refunded to Store Credit","Remboursé..."
"Refunds","Remboursements"
"Registered Customers","Clients enregistrés"
"Regular Price","Prix régulier"
"Related Orders","Commandes concernées"
"Related Products","Produits concernés"
"Reload captcha","Télécharger à nouveau le captcha"
"Remember Me","Se souvenir de moi"
"Remove","Retirer"
"Remove All","Tout retirer"
"Remove item","Retirer l'article"
"Remove Product","Retirer le Produit"
"Remove Recipent","Supprimer le destinataire"
"Remove Row","Supprimer le rang"
"Remove This Item","Supprimer cet article"
"Reorder","Repasser commande"
"Report All Bugs","Compte rendu de Toutes les Erreurs"
"Required Fields","Champs obligatoires"
"Reset","Réinitialiser"
"Reset My Password","Réinitialiser Mon Mot de Passe"
"Reset your %store_name password","Réinitialiser votre %store_name mot de passe"
"Review","Vérifier"
"Review & Payments","Vérifier & Procéder au Paiement"
"Review by","Vérifier par"
"Review Details","Vérifier les coordonnées"
"Review Order","Vérifier la Commande"
"Reviews","Évaluations"
"Row Total","Total du Rang"
"Save","Sauvegarder"
"Save Address","Sauvegarder l'Adresse"
"Save credit card information for future use.","Sauvegarder les détails de la carte bancaire pour une utilisation ultérieure."
"Save in address book","Sauvegarder dans le carnet d'adresses"
"Search","Rechercher"
"Search By","Rechercher Par"
"Search entire store here...","Rechercher sur tout le site ici..."
"Search Options","Options de Recherche"
"Search Results","Résultats de Recherche"
"Search Settings","Paramètres de Recherche"
"Search Terms","Mots de Recherche"
"See Details","Voir Détails"
"See order and shipping status","Voir la commande et le statut d'expédition"
"See our Shipping Policy","Voir notre Politique d'Expédition"
"See price before order confirmation.","Voir les prix avant la confirmation de commande."
"See terms","Voir les CGV"
"Select a new payment method","Sélectionner un autre mode de paiement"
"Select Address","Sélectionner une Adresse"
"select all","tout sélectionner"
"Select all","Tout Sélectionner"
"Select Method","Sélectionner le mode"
"Select Shipping Method","Sélectionner le Mode de Livraison"
"Send Check to","Envoyer le Chèque à"
"Send Check to:","Envoyer le Chèque à :"
"Send confirmation link","Envoyer le lien de confirmation"
"Send Email","Envoyer l'e-mail"
"Send Invitations","Envoyer les Invitations"
"Send To","Envoyer à"
"Send Welcome Email From","Envoyer un E-mail de Bienvenue de la part de"
"Sender","Expéditeur"
"Set a New Password","Créer un Nouveau Mot de Passe"
"Set Ascending Direction","Résultats par Ordre Croissant"
"Set Descending Direction","Résultats par Ordre Décroissant"
"Settings","Configuration"
"Share Wish List","Partager la Liste d'Envies"
"Sharing Information","Partager l'Information"
"Ship Here","Livrer Ici"
"Ship To","Livrer à"
"Ship to Multiple Addresses","Livrer à Différentes Adresses"
"Ship To:","Livrer À :"
"Shipment #","Expédition #"
"Shipment #%1","Expédition #%1"
"Shipped","Expédié"
"Shipped By","Expédié Par"
"Shipping","Expédition"
"Shipping Address","Adresse d'Expédition"
"Shipping Info","Info d'Expédition"
"Shipping Information","Information d'Expédition"
"Shipping is not applicable.","Non concerné par l'Expédition."
"Shipping Method","Mode d'Expédition"
"Shipping Method:","Mode d'Expédition :"
"Shipping Methods","Modes d'Expédition"
"Shipping To","Expédié à"
"Shop By","Shopper par"
"Shopping Cart Items","Articles du Panier"
"Shopping Options","Options de Shopping"
"Show","Montrer / ou / Afficher"
"Sign a billing agreement to streamline further purchases  with PayPal.","Donner votre accord pour vos achats ultérieurs avec PayPal."
"Sign a billing agreement to streamline further purchases with PayPal.","Donner votre accord pour vos achats ultérieurs avec PayPal."
"Sign In","S'identifier"
"Sign Up for Newsletter","S'abonner à la Newsletter"
"Sign Up for Our Newsletter:","Vous abonner à Notre Newsletter :"
"Sign-in Information","Identifiants"
"Skip to Content","Accéder au Contenu"
"Sku","Code produit"
"SKU","Code Produit"
"Sorry, no quotes are available for this order at this time","Désolé, aucune donnée n'est disponible à cet instant pour cette commande"
"Sorry, no quotes are available for this order right now.","Désolé, aucune donnée n'est couramment disponible pour cette commande."
"Sorry, something went wrong.","Désolé, un incident s'est produit."
"Sorry, something went wrong. Please try again later.","Désolé, un incident s'est produit. Nous vous invitons à réessayer ulterieurement."
"Sort By","Trier par"
"Special Price","Prix Spécial"
"Starting at","À partir de"
"State/Province","Région / Comté"
"Status","Statut"
"Status:","Statut :"
"Store alternative addresses (for shipping to multiple family members and friends)","Sauvegarder les adresses alternatives (pour expédier à diffénts amis ou membres de votre famille)"
"Store credit","Avoir"
"Store credit available","Avoir disponible"
"Store Credit update","Mise à jour des Avoirs"
"Stored Payment Methods","Modes de Paiement Sauvegardés"
"Street Address","Rue, voie...etc."
"Street Address %1","Rue, voie...etc. %1"
"Strong","Fort"
"Submit","Soumettre"
"Submit Review","Soumettre l'Évaluation"
"Submitted on %1","Traité à %1"
"Submitting order information...","Traitement de la commande..."
"Subscribe","S'abonner"
"Subscription option","Option d'abonnement"
"Subtotal","Sous-total"
"Subtotal (Excl. Tax)","Sous-total (H.T.)"
"Subtotal (Incl. Tax)","Sous-total (T.T.C.)"
"Summary","Résumé"
"Take a look at %customer_name's Wish List","Voir la Liste d'Envies %customer_name's"
"Tax","TVA"
"Tax/VAT number","TVA/Numéro de TVA"
"Thank you for confirming your %store_name account.","Merci de confirmer votre %store_name account"
"Thank you for subscribing to our newsletter.","Merci de vous être abonné à notre Newsletter."
"Thank you for your order from %store_name.","Merci de votre commande sur %store_name."
"Thank you for your purchase!","Merci pour votre achat !"
"Thanks for your order. We'll email you order details and tracking information.","Merci pour votre commande. Vous recevrez prochainement un e-mail de confirmation de commande et pour le suivi de livraison."
"Thanks,<br>%store_name","Merci,<br>%store_name"
"There are no billing agreements yet.","La facture n'est pas encore disponible."
"There are no search terms available.","Aucun terme de recherche n'est disponible."
"There are no sent invitations.","Aucune invitation n'a été envoyée."
"There is no tracking available for this shipment.","Aucun suivi n'est disponible pour cette expédition."
"There is no tracking available.","Aucun suivi n'est disponible."
"There was recently a request to change the password for your account.","Une demande de réinitialisation du mot de passe pour votre compte a récemment été reçue."
"This is demo store. No orders will be fulfilled.","Site témoin. Aucune commande ne sera traitée."
"This is your default billing address.","Votre adresse de facturation par défaut."
"This is your default shipping address.","Votre adresse de livraison par défaut."
"This Wish List has no Items","La Liste d'Envies est vide"
"Time","Heure"
"To","À"
"To begin receiving the newsletter, you must first confirm your subscription by clicking on the following link:","Afin de commencer à recevoir la newsletter, vous devez au préalable confirmer votre abonnement en cliquant sur le lien suivant:"
"To comply with the new e-Privacy directive, we need to ask for your consent to set the cookies.","En poursuivant votre navigation sur ce site, vous acceptez l'utilisation de cookies pour vous proposer des services et des offres adaptés à vos centres d'intérêts."
"To sign in to our site and set a password, click on the <a href=""%create_password_url"">link</a>:","Pour vous enregistrer sur notre site et créer un mot de passe, cliquez sur le <a href=""%create_password_url"">link</a> :"
"To sign in to our site, use these credentials during checkout or on the <a href=""%customer_url"">My Account</a> page:","Pour vous enregistrer sur notre site, utilisez ces informations d'identification lors du passage de la commande ou sur le<a href=""%customer_url"">Mon Compte</a> page:"
"To:","Pour:"
"Toggle Nav","Pour"
"Total","Total"
"Total Incl. Tax","Montant T.T.C."
"Track history","Historique de suivi"
"Track order history","Historique de suivi commande"
"Track this shipment","Suivre cette expédition"
"Track:","Suivre :"
"Tracking information is currently not available. Please ","L'information de suivi est couramment indisponible. Veuillez "
"Tracking Number","Numéro de Suivi"
"Tracking Number:","Numéro de Suivi :"
"Tracking Number(s):","Numéros de Suivis :"
"Type","Type"
"Unit Price","Prix Unitaire"
"unselect all","tout déselectionner"
"Unsubscribe from all price alerts","Se désabonner de toutes les alertes tarifaires"
"Unsubscribe from all stock alerts","Se désabonner de toutes les alertes de stock"
"Update","Mise à jour"
"Update Cart","Mise à jour Panier"
"Update Qty &amp; Addresses","Mise à jour Qté & Adresses"
"Update Shipping Method","Mise à jour du Mode d'Expédition"
"Update Shopping Cart","Mise à jour du Panier"
"Update to your %store_name credit memo","Mise à jour de votre avoir %store_name"
"Update to your %store_name invoice","Mise à jour de votre facture %store_name"
"Update to your %store_name order","Mise à jour de votre commande %store_name"
"Update to your %store_name shipment","Mise à jour concernant votre livraison %store_name"
"Update Wish List","Mise à jour Liste d'Envies"
"Updated","Mis à jour"
"Updated At","Mis à jour à"
"Updated:","Mis à jour :"
"Use as my default billing address","Utiliser en tant qu'adresse de facturation par défaut"
"Use as my default shipping address","Utiliser en tant qu'adresse d'expédition par défaut"
"VAT Number","Numéro de TVA"
"VAT number","Numéro de TVA"
"VAT Number is valid.","Numéro de TVA valide."
"Please enter a valid VAT number.","Veuillez entrer un numéro de TVA valide."
"Your VAT ID was successfully validated.","Votre Numéro de TVA a été validé avec succès."
"You will be charged tax.","La TVA vous sera facturée."
"You will not be charged tax.","Vous serez exonéré de TVA."
"The VAT ID entered (%1) is not a valid VAT ID.","Le Numéro de TVA renseigné (%1) n'est pas valide."
"Your Tax ID cannot be validated.","Votre Numéro de TVA ne peut être été validé."
"If you believe this is an error, please contact us at %1","Si vous pensez qu'il s'agit d'une erreur, veuillez nous contacter sur %1"
"Very Strong","Très Fort"
"View","Voir"
"View All","Tout Voir"
"View all Wish List items","Voir tous les articles de la Liste d'Envies"
"View as","Voir en tant que"
"View Details","Voir les détails"
"View Order","Voir la Commande"
"View past orders","Voir les commandes passées"
"View Product","Voir le Produit"
"We can't complete your order because you don't have a payment method set up.","Nous ne pouvons pas finaliser votre commande, car vous n'avez pas choisi de mode de paiement."
"We can't create the Wish List right now.","Il n'est pas possible de créer une Liste d'Envies dans l'instant."
"We can't find any items matching these search criteria.","Aucun article ne correspond à ces critères de recherche."
"We can't find products matching the selection.","Aucun produit ne correspond à la sélection."
"We found other products you might like!","Nous avons trouvé d'autres produits, qui pourraient vous plaire !"
"We have received a request to change the following information associated with your account at %store_name: email, password.","Nous avons reçu une demande pour changer l'information suivant sur votre compte %store_name: e-mail, mot de passe."
"We have received a request to change the following information associated with your account at %store_name: email.","Nous avons reçu une demande pour changer l'information suivant sur votre compte %store_name: e-mail."
"We have received a request to change the following information associated with your account at %store_name: password.","Nous avons reçu une demande pour changer l'information suivant sur votre compte %store_name: mot de passe."
"We have updated your <a href=""%store_url"">%store_name</a> account and you have credit that you can use for future purchases.","Nous avons mis à jour votre compte <a href=""%store_url"">%store_name</a> et vous disposez d'un avoir que vous pouvez utiliser pour vos futurs achats."
"We received your order!","Nous avons bien reçu votre commande !"
"We use cookies to make your experience better.","Nous utilisons des cookies pour vous assurer une navigation satisfaisante."
"We'll ask for your payment details before you place an order.","Il vous faudra choisir un mode de paiement avant la confirmation de commande."
"We'll email you an order confirmation with details and tracking info.","Nous vous adresserons un e-mail d'accusé réception de commande."
"We'll send your order confirmation here.","Vous recevrez votre confirmation de commande sur cette adresse."
"Weak","Faible"
"Welcome to %store_name","Bienvenue chez %store_name"
"Welcome to %store_name.","Bienvenue chez %store_name."
"Welcome, %1!","Bienvenue, %1!"
"Welcome, %name","Bienvenue, %name"
"What is PayPal?","Qu'est-ce que PayPal?"
"What is this?","Qu'est-ce que ceci ?"
"What's this?","Qu'est-ce?"
"What’s on your mind?","Comment pouvons-nous vous aider ?"
"When you sign in to your account, you will be able to:","En vous connectant à votre compte, vous pourrez :"
"Wish List","Liste d'Envies"
"Wish List is empty now.","La Liste d'Envies est vide à présent."
"Wish List Items","Articles Liste d'Envies"
"Wish List Name","Nom Liste d'Envies"
"Wish List Search","Liste d'Envies Recherche"
"Wishlist","Liste Envies"
"WK","Sem"
"Write Us","Nous écrire"
"Write Your Own Review","Écrire Votre Propre Évaluation"
"You already have an account with us. Sign in or continue as guest.","Vous avez déjà un compte chez nous. Connectez-vous ou continuez en tant qu'invité."
"You are signed out","Vous êtes déconnecté"
"You can check the status of your order by <a href=""%account_url"">logging into your account</a>.","Vous pouvez suivre le statut de votre commande en vous connectant à votre <a href=""%account_url"">compte.</a>"
"You can create an account after checkout.","Vous pouvez créer un compte après avoir passé commande."
"You can track your order status by creating an account.","Vous pouvez suivre l'état de votre commande en créant un compte."
"You cannot send more invitations","Il n'est pas possible d'envoyer davantage d'invitations"
"You don't subscribe to our newsletter.","Vous ne vous abonnez pas à notre newletter."
"You have been successfully subscribed to our newsletter.","Votre inscription à notre newsletter est effective."
"You have been unsubscribed from the newsletter.","Votre désinscription à notre newsletter est effective."
"You have no default billing address in your address book.","Vous n'avez pas d'adresse de facturation par défaut dans votre carnet d'adresses."
"You have no default shipping address in your address book.","Vous n'avez pas d'adresse de livraison par défaut dans votre carnet d'adresses."
"You have no items in your shopping cart.","Vous n'avez aucun article dans votre panier."
"You have no items in your wish list.","Vous n'avez aucun article dans votre liste d'envies."
"You have no items to compare.","Vous n'avez aucun article à comparer."
"You have no other address entries in your address book.","Vous n'avez aucune autre adresse dans votre carnet d'adresses."
"You have no stored payment methods.","Vous n'avez aucun mode de paiement de sauvegardé."
"You have placed no orders.","Vous n'avez passé aucune commande."
"You have signed out and will go to our homepage in 5 seconds.","Vous êtes déconnecté et allé être redirigé sur notre page d'accueil dans 5 secondes."
"You have submitted no reviews.","Vous n'avez fait aucune évaluation."
"You must confirm your %customer_email email before you can sign in (link is only valid once):","Vous devez confirmer votre adresse email %customer_email avant de vous connecter (Vous ne pourrez cliquer sur ce lien qu'une seule fois) :"
"You must select items to add to the cart.","Vous devez sélectionner des articles pour les ajouter au panier."
"You subscribe to ""General Subscription"".","Vous vous abonnez à une ""Inscription Générale""."
"You will be redirected to the payment system website.","Vous allez être redirigé sur la page des paiements du site."
"You will be redirected to the PayPal website when you place an order.","Vous allez être dirigé sur le site de PayPal au moment du paiement."
"You will be redirected to the PayPal website.","Vous allez être redirigé sur le site de PayPal."
"You will be redirected to the Worldpay website.","Vous allez être redirigé sur le site de Worldpay."
"You will be required to enter your payment details after you place an order.","Vos coordonnées bancaires vous seront demandées après avoir passé commande."
"You will see the order total before you submit the order.","Le montant TTC sera affiché avant votre confirmation de commande."
"You're currently reading page","Vous lisez couramment la page"
"You're reviewing:","Vous évaluez :"
"Your %store_name email and password has been changed","Votre adresse e-mail et mot de passe %store_name on été changés"
"Your %store_name email has been changed","Votre adresse e-mail %store_name a été changée"
"Your %store_name order confirmation","Votre accusé réception de commande %store_name"
"Your %store_name order has shipped","Votre commande %store_name a été expédiée"
"Your %store_name password has been changed","Votre mot de passe %store_name a été changé."
"Your balance is:","Votre solde est :"
"Your billing agreement # is: ","Votre facturation # est :"
"Your credit card will be charged for","Votre carte bancaire sera débitée de"
"Your Credit Memo #%creditmemo_id for Order #%order_id","Votre Avoir #%creditmemo_id pour la Commande #%order_id"
"Your Customization","Votre Personnalisation"
"Your Invoice #%invoice_id for Order #%order_id","Votre Facture #%invoice_id pour la Commande #%order_id"
"Your order # is: <span>%1</span>.","Votre commande # est : <span>%1</span>."
"Your order #%increment_id has been updated with a status of <strong>%order_status</strong>.","Votre commande #%increment_id a été mise à jour avec un état de <strong>%order_status</strong>."
"Your Order <span class=""no-link"">#%increment_id</span>","Votre Commande <span class=""no-link"">#%increment_id</span>"
"Your order number is: ","Votre numéro de commande est le :"
"Your order number is: %1.","Votre numéro de commande est le : %1."
"Your order numbers are: ","Vos numéros de commandes sont :"
"Your order #%order_id","Votre commande #%order_id"
"Your payment has been successfully processed by our shop system.","Votre paiement a bien été traité par notre système bancaire."
"Your Rating","Votre Notation"
"Your Review","Votre Évaluation"
"Your search returned no results.","Votre recherche n'a donné aucun résultat."
"Your Shipment #%shipment_id for Order #%order_id","Votre numéro de suivi #%shipment_id pour votre commande #%order_id"
"Your shipping confirmation is below. Thank you again for your business.","Votre avis d'expédition se trouve ci-dessous. Nous vous remercions de votre commande."
"Your Store Credit balance is now %balance.","Le solde de votre crédit sur le site est maintenant de %balance."
"ZIP Code","Code Postal"
"Zip/Postal Code","Code Postal"
"Continue to ","Continuer de "
"Use Saved Card","Utiliser la Carte en Mémoire"
"Save this card","Sauvegarder cette carte"
"Place Order","Passer Commande"
"Swift Code","Code Swift"
"Continue to Giropay","Poursuivre sur Giropay"
"Bank Code","Code Banque"
"Continue to iDeal","Poursuivre sur iDeal"
"Continue to PayPal","Poursuivre sur PayPal"
"My Saved Cards","Mes cartes sauvegardées"
"You added %1 to your shopping cart.","Vous avez ajouté %1 à votre panier."
"We don't have as many ""%1"" as you requested.","La quantité dont nous disposons est en deçà de votre demande de ""%1""."
"Full Description","Description complète"
"Rate this product","Évaluer ce produit"
"You submitted your review for moderation.","Vous avez soumis votre évaluation pour modération."
"Please select one of each of the ratings above.","Veuillez sélectionner l'un des symboles ci-dessus."
"This is a required field.","Ce champs est obligatoire."
"Shopping Cart","Panier"
" Cart ","Panier"
"This Item","Cet Article"
"You will Need","Produits auxiliaires"
"We recommend the following essential products","Nous recommandons les produits auxiliaires suivants"
"We recommend the following essential products:","Nous recommandons les produits auxiliaires suivants:"
"You will receive an order confirmation email with details of your order and a link to track its progress.","Vous recevrez un e-mail d'accusé réception de commande et un lien pour son suivi."
"Delivery & Returns","Livraison & Retours"
"Our 128-bit encryption keeps your personal data secure and secure.","Vos données personnelles sont protégées et sécurisées par notre cryptage 128 bit."
"Sign Out","Se déconnecter"
"Customer Login","Identifiants Client"
"Invalid login or password.","Identifiants ou mot de passe invalides."
"More Info","Plus d'Info"
"Similar Products","Produits similaires"
"Are you sure you would like to remove this item from the shopping cart?","Êtes-vous sûr de vouloir supprimer cet article du panier ?"
"Please enter a valid email address (Ex: johndoe@domain.com).","Veuillez entrer une adresse e-mail valide (par ex. dupont@gmail.com)."
"Minimum length of this field must be equal or greater than %1 symbols. Leading and trailing spaces will be ignored.","La longueur minimale de ce champs doit être égale ou supérieure à %1 symbols. Les espaces avant et après ne seront pas pris en compte."
"Please enter the same value again.","Veuillez entrer la même valeur une fois de plus."
"Minimum of different classes of characters in password is %1. Classes of characters: Lower Case, Upper Case, Digits, Special Characters.","Le minimum de différents types de caractères dans le mot de passe est %1. Types de caractères : minuscules, majuscules, chiffres & caractères spéciaux."
"Please enter only digits.","Veuillez uniquement taper des chiffres."
"Please enter a valid credit card number.","Veuillez entrer un numéro de carte valide."
"%1 and above","%1 et plus"
"Position","Sélection"
"Click <a href=""%1"" onclick=""this.target='_blank'"" class=""print"">here</a> to print a copy of your order confirmation","Cliquer <a href=""%1"" onclick=""this.target='_blank'"" class=""print"">ici</a> pour imprimer votre accusé réception de commande"
" Thank you for your purchase! ","Merci pour votre achat !"
"Fast Delivery","Livraison rapide"
"Pending","En attente"
"Back to My Orders","Revenir sur Mes Commandes"
"Social","Suivez-nous"
"Top Tips","Nos recommandations"
"Read our Top Tips","Découvrez nos Recommandations"
"Thank you for registering with %1.","Merci de vous être inscrit sur %1."
"Thank you, %store_name","Avec nos remerciements, %store_name"
"Shipping & Handling","Expédition et Livraison"
"You saved the account information.","Vos informations de compte sont sauvegardées."
"If there is an account associated with %1 you will receive an email with a link to reset your password.","Si un compte est associé avec %1 vous recevrez un e-mail avec un lien pour réinitialiser votre mot de passe."
"There is already an account with this email address. If you are sure that it is your email address, <a href=""%1"">click here</a> to get your password and access your account.","Un compte existe déjà avec ce mot de passe. Si vous êtes certains que votre adresse e-mail est exacte, <a href=""%1"">cliquez ici</a> pour recevoir votre mot de passe et accéder à votre compte."
"Thank you for your subscription.","Merci de vous être inscrit."
"To avoid your Junk or Spam folder, please add ","Pour éviter votre dossier courriers indésirables, ou les spams, veuillez ajouter "
" to your contacts."," à vos contacts."
"Dear Customer,","Bonjour,"
"Thank you for your request to subscribe to our newsletters and special offers from ","Merci pour votre demande d'abonnement à notre newsletters et nos offres spéciales de "
"To ensure that you receive our newsletters and special offers in your Inbox you need to mark our email address as safe, so it does not automatically go into your Spam or Junk folder. Instructions on how to do this for the most popular email applications are provided below.","Pour être sûr de recevoir nos newsletters et offres spéciales dans votre messagerie d'e-mails, veuillez ajouter notre e-mail à vos adresses autorisées, afin qu'elles ne soient pas systématiquement déplacées dans votre dossier 'courrier indésirable' ou vos spams. La méthode sur la façon de procéder pour autoriser une adresse e-mail est détaillée ci-dessous."
"Open the email we sent you and click the Mark as Safe link at the top.","Ouvrez l'e-mail que nous vous avons adressé, cliquez sur le lien et sélectionner Autorisé."
"Yahoo Mail & Google Mail","Yahoo Mail & Google Mail"
"Open the email we sent you and click the Not Spam button if there is one.","Ouvrez l'e-mail que nous vous avons adressé et cliquez sur l'onglet Ne pas bloquer s'il existe."
"Open the email we sent you and in the toolbar area at the top of the window select Safe Lists and then Add Sender’s Domain to Safe Senders List.","Ouvrez l'e-mail que nous vous avons adressé et au niveau de la barre d'outils, en haut de votre fenêtre, sélectionnez Autoriser, puis Ajouter aux Contacts. Domain to Safe Senders List."
"Windows Mail","Messagerie Windows"
"Go to the Tools menu and then select Junk E-mail Options. Select the Safe Senders tab and add ","Allez dans le menu Outils et sélectionnez l'Options E-mails Indésirables. Sélectionnez l'onglet Autoriser, puis Ajouter "
" to the Safe Senders list."," aux Contacts."
"Thank you for subscribing. We hope you finding our mailings useful and informative. However, should you wish to unsubscribe at any time, simply click the unsubscribe link that can be found at the bottom of any of our newsletters.","Merci pour votre abonnement. Nous espérons que vous trouverez nos e-mails utiles et informatifs. Vous pouvez cependant vous désinscrire à tout moment, en cliquant simplement sur le lien de désabonnement, lequel se trouve au bas de chaque newsletter."
"We are sorry to hear you no longer wish to receive the newsletter. Your newsletter unsubscription has been successful.","Nous sommes désolés d'apprendre que vous ne souhaitez plus recevoir notre newsletter. Nous vous confirmons que votre désabonnement à bien été pris en compte."
"Carrier with such method not found:","Aucun résultat avec ces critères de recherche:"
"Home","Accueil"
"Search results for: '%1'","Résultats de recherche: '%1'"
"Related search terms","Mots de recherche en rapport"
"Did you mean","Vouliez-vous plutôt dire"
"The most you may purchase is %1.","La quantité disponible est %1"
"You need to choose options for your item.","Une option est à choisir pour votre article"
"Forgot Your Password","Vous avez oublié votre mot de passe"
"Discount","Remise"
"Your Order","Votre Commande"
"Your order","Votre commande"
"You updated your password.","Vous avez mis à jour votre mot de passe."
"The coupon code has been accepted.","Le code promo a été accepté."
"The coupon code ""%1"" is not valid.","Le code promo ""%1"" est invalide."
"Coupon code is not valid.","Code promo invalide."
"Coupon code is not valid","Code promo invalide"
"You used coupon code ""%1"".","Vous avez utilisé le code promo ""%1""."
"You saved the address.","Vous avez sauvegardé l'adresse."
"We\'re unable to send the password reset email.","Nous ne sommes pas en mesure d'envoyer l'e-mail de réinitialisation du mot de passe."
"Too many password reset requests. Please wait and try again or contact %1.","Le nombre de demandes de réinitialisation du mot de passe est dépassé. Veuillez patienter et essayer à nouveau ou contactez %1."
"Payer Email","E-mail de l'Acheteur"
"Payer ID","Identité de l'Acheteur"
"Payer Status","Statut de l'Acheteur"
"Payer Address ID","Preuve d'adresse de l'Acheteur"
"Payer Address Status","Statut de l'Adresse de l'Acheteur"
"Some of the products are out of stock.","Certains produits sont hors stock."
"This product is out of stock.","Ce produit est hors stock."
"Your password reset link has expired.","Le lien de réinitialisation du mot de passe as expiré."
"Please select an option.","Veuillez sélectionner une option."
"Your shopping cart has been updated with new prices.","Votre panier a été mis à jour avec de nouveaux prix."
"This email address is already assigned to another user.","Cette adresse e-mail est déjà utilisée par un autre internaute."
"There was a problem with the subscription: %1","Un problème est survenu lors de l'abonnement: %1"
"Something went wrong with the subscription.","Un incident s'est produit avec l'abonnement."
"You unsubscribed.","Vous êtes désabonné."
"Something went wrong while unsubscribing you.","Un incident s'est produit lors de votre désabonnement."
"Bank Transfer Payment","Virement bancaire"
"PayPal Express Checkout Token does not exist.","Le Symbole de Passage en Caisse PayPal Express n'existe pas."
"Discount (%1)","Remise (%1)"
"We removed the subscription.","Nous avons annulé l'abonnement."
"We saved the subscription.","Nous avons enregistré l'abonnement."
"You canceled the coupon code.","Vous avez annulé le code promo."
"Your coupon was successfully applied.","Votre code promo a bien été appliqué."
"Your coupon was successfully removed.","Votre code promo a bien été supprimé."
"Cancel coupon","Annuler le code promo"
"%1 was updated in your shopping cart.","%1 a été mis(e) à jour dans votre panier."
"Create New Customer Account","Créer un Compte Client"
"The account is locked. Please wait and try again or contact %1.","Le compte est bloqué. Veuillez patienter et faire un nouvel essai, ou contactez-nous sur %1."
"About Your Shipment","Information de Livraison"
"A customer with the same email already exists in an associated website.","Un client avec une adresse e-mail identique existe déjà sur un site associé."
"The password doesn\'t match this account.","Ce mot de passe ne correspond pas à ce compte."