"View and edit cart","Winkelwagen bekijken en wijzigen"
" for more information or "," voor meer informatie of "
" if you are not redirected automatically."," als je niet automatisch wordt doorgestuurd."
"-- Please Select --","Maak een selectie"
"-- Please Select Billing Agreement--","Selecteer een factuuradres"
"--Please Select--","Maak een selectie"
"(Excl. Tax)","(exclusief btw)"
"(Incl. Tax)","(inclusief btw)"
"* Required Fields","* Verplichte velden"
"%1 has been added to your Wish List.","%1 is aan jou wenslijst toegevoegd."
"%1 is available to buy in increments of %2","%1 kan ook in de volgende mutlipakken worden gekocht %2"
"%1 Item","%1 Artikel"
"%1 Item(s)","%1 Artikel"
"%1 Items","%1 Artikelen"
"%1 items","%1 artikelen"
"%1 Review(s)","%1 Beoordeling(en)"
"%customer_name wants to share this Wish List from %store_name with you:","%customer_name will deze wenslijst van %store_name graag met je delen:"
"%sender_name wants to share this product with you:","%sender_name will de het volgende artikel met je delen:"
"%store_name offers limited time sales of products only to members.","%store_name leden allèèn ontvangen kortingen voor een beperkte tijdsduur."
"<a href=""%1"" onclick=""this.target='_blank'"" class=""print"">Print receipt</a>","<a href=""%1"" onclick=""this.target='_blank'"" class=""print"">Print factuur</a>"
"<a href=""%1"">Learn more</a>.","<a href=""%1"">Lees meer</a>."
"<span class=""label"">Order Date:</span> %1","<span class=""label"">Besteldatum:</span> %1"
"<strong>%1 item</strong> were found using the following search criteria","<strong>%1 Artikel</strong> gevonden op op basis van je zoekcriteria."
"<strong>%1 items</strong> were found using the following search criteria","Met de volgende zoekcriteria hebben wij <strong>%1 item</strong> gevonden."
"<strong>Attention</strong>: Captcha is case sensitive.","<strong>Attentie</strong>: Captcha is hoofdlettergevoelig."
"A letter with further instructions will be sent to your email.","Wij zullen een brief met verdere instructies zal naar je e-mailen."
"About the calendar","Over de kalender"
"About Your Order","Over je bestelling"
"Account","Account"
"Account Dashboard","Account dashboard"
"Account Information","Informatie over je account"
"Action","Handeling"
"Actions","Handelingen"
"Actual Price","Werkelijke prijs"
"Add","Toevoegen"
"Add All to Cart","Alles aan de winkelwagen toevoegen"
"Add Invitee","Gast toevoegen"
"Add New Address","Nieuw adres toevoegen"
"Add Row","Voeg toe om te vergelijken"
"  Add to Cart  ","Aan winkelwagen toevoegen"
"Add to Cart","Winkelmand"
"Add to Compare","Toevoegen voor vergelijking"
"Add to Wish List","Aan wenslijst toevoegen"
"Add to:","Toevoegen aan:"
"Add Your Review","Beoordeling achterlaten"
"Added","Toegevoegd"
"Adding...","Toevoegen..."
"Additional Address Entries","Extra adressen toevoegen"
"Additional Options","Extra keuzes"
"Address","Adres"
"Address %1 <span>of %2</span>","Adres %1 <span>van %2</span>"
"Address Book","Adresboek"
"Address Information","Adresinformatie"
"Addresses","Adressen"
"Advanced Search","Geavanceerd Zoeken"
"Agreement Information","Meer informatie"
"Allow Cookies","Cookies toelaten"
"An error occurred on the server. Please try to place the order again.","Er heeft een serverfout plaatsgevonden. Probeer je bestelling nogmaals te plaatsen."
"Apply Discount","Korting toepassen"
"Apply Discount Code","Kortingscode toepassen"
"Are you sure you want to delete this address?","Weet je zeker dat je dit adres wilt verwijderen?"
"Are you sure you want to delete this item?","Weet je zeker dat je dit artikel wilt verwijderen?"
"Are you sure you want to delete your wish list? This action can't be undone.","Weet je zeker dat je, je wenslijst wilt verwijderen? Deze actie kan niet ongedaan worden gemaakt."
"Are you sure you want to do this?","Weet je zeker dat je wilt doorgaan?"
"As low as","Voor slechts"
"Attention: Captcha is case sensitive.","Let op: De captcha code is hoofdlettergevoelig."
"Availability","Beschikbaarheid"
"Availability:","Beschikbaarheid:"
"available","beschikbaar"
"Average Customer Rating","Gemiddelde klantenbeoordeling"
"Average Customer Rating:","Gemiddelde klantenbeoordeling:"
"Back","Terug"
"Back to Billing Agreements","check PayPayl"
"Back to Billing Information","Terug naar factuur informatie"
"Back to Invitations","Terug naar uitnodiging"
"Back to Main Product Info","Terug naar productinformatie"
"Back to My Reviews","Terug naar mijn beoordelingen"
"Back to Product Reviews","Terug naar product beoordelingen"
"Back to Select Addresses","Terug naar adressen selecteren"
"Back to Shipping Information","Terug naar verzendinformatie"
"Back to Shopping Cart","Terug naar de winkelwagen"
"Back to Sign In","Terug naar inloggen"
"Balance","Saldo"
"Balance Change","Saldo verandering"
"Balance History","Saldo overzicht"
"Be the first to review this product","Wees de eerste om dit product te beoordelen"
"Billing Address","Factuur adres"
"Billing Agreement","Factuurovereenkomst"
"Billing Agreement # ","Factuurovereenkomst # "
"Billing Agreements","Factuurovereenkomst"
"Billing Info","Factuur Info"
"Billing Information","Factuur informatie"
"Billing Last Name","Factuur achternaam"
"Billing ZIP Code","Postcode"
"Buy %1 for %2 each","Koop %1 voor de prijs van %2 stuks"
"Buy %1 for %2 each and <strong class=""benefit"">save<span class=""percent tier-%3"">&nbsp;%4</span>%</strong>","Koop %1 voor de prijs van %2 stuks en <strong class=""benefit"">save<span class=""percent tier-%3"">&nbsp;%4</span>%</strong>"
"Buy %1 for: ","Koop %1 voor: "
"Buy %1 with %2 discount each","Koop %1 en ontvang %2 korting"
"Buy now with PayPal","Koop nu met PayPal"
"Cancel","Annuleer"
"Cancel Coupon","Kortingscode annuleren"
"Canceled","Geannuleerd"
"Card Number","Kaartnummer"
"Card Verification Number","Kaart verificatienummer"
"Card Verification Number Visual Reference","Kaart verificatienummer met visuele referentie"
"Carrier Title","Koerier"
"Carrier:","Koerier:"
"Cart Subtotal","Subtotaal Winkelwagen"
"Catalog Advanced Search","Catalogus Geavanceerd Zoeken"
"Category","Categorie"
"Change","Wijzigen"
"Change Billing Address","Factuuradres wijzigen"
"Change Email","Email wijzigen"
"Change Email and Password","Email en wachtwoord wijzigen"
"Change Password","Wachtwoord wijzigen"
"Change Shipping Address","Afleveradres wijzigen"
"Check 'Remember Me' to access your shopping cart on this computer even if you are not signed in.","Je moet 'onthoud mij' aanvinken om toegang te krijgen tot je winkelwagen, zelfs als je niet bent ingelogd."
"Check &quot;Remember Me&quot; to access your shopping cart on this computer even if you are not signed in.","Je moet&quot;'onthoud mij&quot;aanvinken om toegang te krijgen tot je winkelwagen, zelfs als je niet bent ingelogd."
"Check here to link an RSS feed to your Wish List.","Kijk hier om een RSS feed aan de wenslijst te koppelen"
"Check items to add to the cart or","Artikelen nakijken om aan de winkelwagen toe te voegen"
"Check out faster","Snelle checkout"
"Check Out with Multiple Addresses","Afrekenen met verschillende adressen"
"Check the status of orders","Bekijk de status van je bestelling"
"Checkout out as a new customer","Doorgaan met bestellen als nieuwe klant"
"Checkout out using your account","Doorgaan met bestellen als bestaande klant"
"Checkout with PayPal","Afrekenen met PayPal"
"Choose a selection...","Maak een keuze..."
"Choose an Option...","Kies uit een van de volgende opties..."
"City","Stad"
"Clear All","Alles wissen"
"Clear Shopping Cart","Winkelwagen wissen"
"Click <a href=""%1"">here</a> to continue shopping.","Klik <a href=""%1"">hier</a> om verder te gaan met winkelen"
"Click for price","Klik voor prijs"
"Click here to stop alerts for this product.","Klik hier om waarschuwingen voor dit product te stoppen."
"Close","Sluiten"
"Close Window","Scherm sluiten"
"Comment","Opmerking"
"Company","Bedrijf"
"Company Registration Number:","Bedrijfsregistratienummer:"
"Compare","Vergelijk"
"Compare Products","Producten vergelijken"
"Confirm New Password","Nieuw wachtwoord bevestigen"
"Confirm Password","Wachtwoord bevestigen"
"Confirm Your Account","Bevestig je account"
"Contact Information","Contact informatie"
"Contact Us","Contact met ons opnemen"
"contact us","contact met ons opnemen"
"Contact","Contact"
"Continue","Doorgaan"
"Continue Shopping","Doorgaan met bestellen"
"continue shopping","doorgaan met bestellen"
"Continue to Billing Information","Doorgaan naar factuur informatie"
"Continue to PayPal","Doorgaan naar PayPal"
"Continue to Worldpay","Doorgaan naar Worldpay"
"Copy Selected to Wish List","Geselecteerde artikelen overcopiëren naar wenslijst"
"Copy to Wish List","Overcopiëren naar wenslijst"
"Country","Land"
"Create an Account","Acount aanmaken"
"Create Billing Address","Factuur adres aanmaken"
"Create New Wish List","Nieuwe wenslijst aanmaken"
"Create Shipping Address","Nieuw afleveradres aanmaken"
"Create...","Aanmaken..."
"Created","Aangemaakt"
"Created At","Aangemaakt op"
"Created:","Aangemaakt:"
"Creating an account has many benefits:","Het aanmaken van een account heeft vele voordelen:"
"Creating an account has many benefits: check out faster, keep more than one address, track orders and more.","Het aanmaken van een account heeft vele voordelen zoals: je kunt sneller afrekenen, meerder adressen bewaren, bestellingen volgen en meer."
"Credit Card Information","Creditcard informatie"
"Credit Card Number","Creditcard nummer"
"Credit Card Type","Soort creditcard"
"Current Password","Huidige wachtwoord"
"Customer Information","Klanteninformatie"
"Customer Reviews","Klantenbeoordelingen"
"Customize %1","Aanpassen %1"
"Customize and Add to Cart","Aanpassen en aan winkelwagen toevoegen"
"Date","Datum"
"Default Addresses","Standaard adres"
"Default Billing","Standaard facturatie"
"Default Billing Address","Standaard factuuradres"
"Default Shipping","Standaard aflevering"
"Default Shipping Address","Standaard afleveradres"
"Delete","Verwijder"
"Delete Address","Adres verwijderen"
"Delete Wish List","Wenslijst verwijderen"
"Delivered on:","Bezorgd op:"
"Description","Omschrijving"
"Details","Details"
"Discount Amount","Kortingsbedrag"
"Don't see what you're looking for?","Kun je niet vinden waar je naar op zoek bent?"
"edit","bewerken"
"Edit","Bewerken"
"Edit Account Information","Accountinformatie bewerken"
"Edit Address","Adres bewerken"
"Edit item parameters","Product parameter bewerken"
"Edit Items","Artikelen Wijzigen"
"Edit item","Artikelen wijzigen"
"Edit Payment Information","Betaalinformatie wijzigen"
"Edit Shipping Address","Afleveradres wijzigen"
"Edit Shopping Cart","Winkelwagen wijzigen"
"Edit Wish List","Wenslijst wijzigen"
"Edit Your Cart","Winkelwagen wijzigen"
"Email","E-mail"
"Email Address","E -mail adres"
"Email addresses, separated by commas","E-mail adres gescheiden door komma's"
"Email to a Friend","E-mail een vriend"
"email us at ","e-mail ons "
"Email:","E-mail:"
"Empty","Leeg"
"ending","verwerken"
"Enter a New Address","Nieuw adres toevoegen"
"Enter discount code","Kortingscode toevoegen"
"Enter Email","E-mail toevoegen"
"Enter your email address","E-mail adres toevoegen"
"Error:","Fout:"
"Estimate Shipping and Tax","Geschatte verzendingkosten & btw"
"Estimate Tax","Geschatte btw"
"Estimated Total","Geschat totaal"
"Excl. Tax","Exclusief btw"
"Expiration Date","Verloopdatum"
"Fax","Fax"
"File","Dossier"
"Final Price","Totaal"
"Find Order By","Vind bestelling via"
"First Name","Voornaam"
"For delivery questions.","Vragen over levering."
"For the best experience on our site, be sure to turn on Javascript in your browser.","Om je de beste ervaring geven op onze site te geven moet je Javascript in je browser aanzetten."
"For the best experience on our site, be sure to turn on Local Storage in your browser.","Om je de beste ervaring geven op onze site te geven moet je ''lokale oplag'' in je browser aanzetten."
"Forgot an Item?","Een artikel vergeten?"
"Forgot your account password? Click <a href=""%reset_url"">here</a> to reset it.","Wachtwoord vergeten? Klik <a href=""%reset_url"">hier</a>om je wachtwoord opnieuw in te stellen."
"Forgot Your Password?","Wachtwoord vergeten?"
"From:","Van:"
"Gender","Geslacht"
"General Subscription","Aanmelden nieuwsbrief"
"Gift Message","Speciaal bericht"
"Gift Message for This Order","Cadeau bericht voor deze bestelling"
"Go back","Ga terug"
"Go back to product details","Ga terug naar productinformatie"
"Go to Checkout","Afrekenen"
"Go to Review Your Order","Bestellingen herzien"
"Go to Shipping Information","Ga na leveringsinformatie"
"Go to Wish List","Ga naar wenslijst"
"Go Today","Ga nu"
"Grand Total Excl. Tax","Totaal bedrag exl btw"
"Grand Total Incl. Tax","Totaal bedrag incl btw"
"Grand Total:","Totaal bedrag:"
"Grand Total","Totaal bedrag"
"Group","Groep"
"Grouped product items","Gegroepeerde productartikelen"
"Guest checkout is disabled.","Bestelling plaatsen als gast is uitgeschakeld."
"Hello,","Goedendag,"
"Help Us Keep Magento Healthy","Help ons om Magento gezond te houden"
"here","hier"
"Hour","uur"
"If you believe it is the right one you can ignore this notice.","Als je denkt dat dit correct is dan kun je deze notificatie negeren"
"If you did not make this request, you can ignore this email and your password will remain the same.","Als je dit verzoek niet hebt aangevraagd dan moet je deze e-mail negeren en je wachtwoord blijft hetzelfde."
"If you have an account, sign in with your email address.","Heeft je een account? Log dan in met je e-mail adres."
"If you have not authorized this action, please contact us immediately at <a href=""mailto:%store_email"">%store_email</a>","Als je deze actie niet hebt goedgekeurd neem dan onmiddellijk contact met ons op via <a href=""mailto:%store_email"">%store_email</a>"
"If you have questions about your order, you can email us at <a href=""mailto:%store_email"">%store_email</a>","Heeft je vragen over je bestelling dan kun je ons  e-mailen via: <a href=""mailto:%store_email"">%store_email</a>"
"If you requested this change, set a new password here:","Als je deze wijziging hebt aangevraagd, dan kun je hier je nieuwe wachtwoord instellen:"
"In stock","Op voorraad"
"In stock alert! We wanted you to know that these products are now available:","Nu op voorraad! We wilde je ervan op de hoogte stellen dat deze artikelen weer op voorraad zijn:"
"Incl. Tax","Incl. btw"
"Incorrect credit card expiration month.","Vervaldatum van je creditcard is incorrect."
"Incorrect credit card expiration year.","Vervaldatum van je creditcard is incorrect."
"Info:","Info:"
"Invite your friends by entering their email addresses","Nodig je vrienden uit door hun e-mail adres in te vullen"
"Invitee","Genodigde"
"Invoice #","Factuur #"
"Invoice for your %store_name order","Factuur voor uw %store_name bestelling"
"Invoices","Facturen"
"It's a default billing address.","Dit is een standaard factuuradres."
"It's a default shipping address.","Dit is een standaard afleveradres."
"Item","Artikel"
"item","artikel"
"Item in Cart","artikel in winkelmand"
"items","artikelen"
"Items","Artikelen"
"Items %1 to %2 of %3 total","Artikel %1 tot %2 van totaal %3 artikelen"
"Items %1-%2 of %3","Artikel %1-%2 van %3"
"Items in Cart","Artikelen in de winkelwagen"
"Items in Your Shopping Cart","Artikelen in jouw winkelwagen"
"Items Invoiced","Gefactureerde artikelen"
"Items Ordered","Bestelde artikelen"
"Items Refunded","Gerestitueerde artikelen"
"Items Shipped","Verzonden artikelen"
"JavaScript seems to be disabled in your browser.","JavaScript lijkt te zijn uitgeschakeld in je browser."
"Jot us a note and we’ll get back to you as quickly as possible.","Laat een berichtje achter en wij zullen u z.s.m reageren."
"label","label"
"Last Added Items","Laast toegevoegde artikel"
"Last Name","Achtenaam"
"Last Ordered Items","Meest recent bestelde artikelen"
"Learn More","Leer meer"
"Loading...","Laden..."
"Local Storage seems to be disabled in your browser.","Lokale opslag lijkt te zijn uitgeschakeld in je browser."
"Local Time","Locale tijd"
"Location","Locatie"
"Login","Inloggen"
"Make Check payable to","Maak cheque betaalbaar aan"
"Make Check payable to:","Maak cheque betaalbaar aan:"
"Manage Addresses","Adressen beheren"
"Maximum %1 email addresses allowed.","Maximaal %1 e-mailadres toegestaan."
"Maximum image height","Maximale beeldhoogte"
"Maximum image width","Maximale beeldbreedte"
"Maximum number of characters:","Maximaal aantal tekens:"
"Medium","Gemiddeld"
"Menu","Inhoud"
"Message","Bericht"
"Message from %customer_name:","Bericht van %customer_name:"
"Message from %sender_name:","Bericht van %sender_name:"
"Message:","Bericht:"
"Method Title","Verzendmethode"
"Minute","Minuut"
"Modify your search.","Verander je zoekopdracht."
"More Choices:","Meer opties:"
"More Information","Meer informatie"
"Move Selected to Wish List","Stuur naar wenslijst"
"Move to Wish List","Stuur naar wenslijst"
"Move to Wishlist","Stuur naar wenslijst"
"My Account","Mijn account"
"My billing and shipping address are the same","Mijn factuur en afleveradres zijn hetzelfde"
"My Cart","Winkelwagen"
"My Dashboard","Mijn dashboard"
"My Invitations","Mijn uitnodigingen"
"My Orders","Mijn bestelllingen"
"My Recent Reviews","Mijn recente beoordelingen"
"My Wish Lists","Mijn wenslijst"
"N/A","N.v.t."
"name","naam"
"Name","Naam"
"New Address","Nieuw adres"
"New Billing Agreement","Nieuwe factuur overeenkomst"
"New Customers","Nieuwe klanten"
"New Password","Nieuw wachtwoord"
"New Products","Nieuwe artikelen"
"Newsletter subscription confirmation","Bevestiging van het aanmelden voor de nieuwsbrief"
"Newsletter subscription success","Je hebt je met succes aangemeld voor de nieuwsbrief"
"Newsletter Subscriptions","Aanmelden nieuwsbrief"
"Newsletter unsubscription success","Je hebt je met succes afgemeld"
"Newsletters","Nieuwsbrief"
"Next","Volgende"
"Nickname","Nickname"
"No options of this product are available.","Geen van de productopties zijn momenteel beschikbaar."
"No Password","Geen wachtwoord"
"No Payment method available.","Betalingsmethoden zijn niet beschikbaar."
"No shipping information available","Informatie over de verzending is niet beschikbaar"
"None","N.v.t"
"none","n.v.t"
"Not yet calculated","Nog niet berekened"
"Notify me when the price drops","Stel mij op de hoogte indien de prijs daalt"
"Notify me when this product is in stock","Stel mij op de hoogte zodra dit product weer op voorraad is"
"Now Shopping by","Winkel nu bij"
"Once your package ships we will send an email with a link to track your order.","Zodra je bestelling is verzonden zullen wij je een e-mail sturen met daarin een link om je pakket te volgen."
"Once your package ships we will send you a tracking number.","Zodra je bestelling is verzonden zullen wij je het track & trace nummer sturen."
"Only %1 left","Nog %1 over"
"Only registered users can write reviews. Please <a href=""%1"">Sign in</a> or <a href=""%2"">create an account</a>","Alleen onze geregistreerde klanten kunnen een beoordeling achterlaten. <a href=""%1"">Log in</a> of <a href=""%2"">maak een account aan</a>"
"Options Details","Gedetailleerde optie"
"or","of"
"or call us at <a href=""tel:%store_phone"">%store_phone</a>","of bel ons op <a href=""tel:%store_phone"">%store_phone</a>"
"Order #","Bestelling #"
"Order by SKU","In volgorde van artikel referentienummer"
"Order ID","Referentienummer van de bestelling"
"Order Information","Bestellingsinformatie"
"Order Review","Bestellingsoverzicht"
"Order Shipments","Mijn zendingen"
"Order Status","Status van de bestelling"
"Order Summary","Overzicht van de bestelling"
"Order Total","Totaalbedrag"
"Order Total Excl. Tax","Totaalbedrag excl btw"
"Order Total Incl. Tax","Totaalbedrag incl btw"
"Order total will be displayed before you submit the order","Het totaalbedrag zal voordat je doorgaat met bestellen worden weergegeven"
"Order tracking","Tracken van je bestelling"
"Ordered","Besteld"
"Orders","Bestellingen"
"Orders and Returns","Bestellingen en retourneringen"
"Other items in your order","De bestelling bestaat uit de volgende artikelen"
"Our hours are <span class=""no-link"">%store_hours</span>.","Onze openingstijden zijjn <span class=""no-link"">%store_hours</span>."
"Out of stock","Niet op voorraad"
"Overview","Overzicht"
"Owner","Eigenaar"
"Owner Email","E-mail van de eigenaar"
"Page","Pagina"
"Password","Wachtwoord"
"Password forgotten","Wachtwoord vergeten"
"Password Strength","Sterkte van je wachtwoord"
"Password you set when creating account","Het door jou opgegeven wachtwoord voor je account"
"Password:","Wachtwoord:"
"Payment","Betalingsmethoden zijn niet beschikbaar"
"Payment Information","Betalingsinformatie"
"Payment Method","Betalingsmethode"
"Payment Method:","Betalingsmethode:"
"Payment was canceled","Betaling is geannuleerd"
"PayPal Account","PayPal"
"per page","per pagina"
"Personal Information","Persoonlijke informatie"
"Phone Number","Telefoonnummer"
"Place Order","Bestelling plaatsen"
"Placed on <span class=""no-link"">%created_at</span>","Besteld op <span class=""no-link"">%created_at</span>"
"Please ","A.U.B "
"Please accept this invitation to join %store_name.","Wij nodigen u uit om een account aan te maken bij %store_name."
"Please choose a payment method.","Selecteer een betalingsmethode."
"Please click ","Klik hier "
"Please confirm your %store_name account","Bevestig uw %store_name account"
"Please do not refresh the page until you complete payment.","Vernieuw de webpagina niet totdat de betaling is voldaan."
"Please enter a valid credit card number.","Vul alstublieft een geldig creditcardnummer in."
"Please enter a valid credit card type number.","Vul alstublieft een soort creditcard in."
"Please enter a valid credit card verification number.","Vul alstublieft een geldig cv2 nummer in."
"Please enter at least two letters.","Vul a.u.b de laaste 2 letters in."
"Please enter your email address below to receive a password reset link.","Om een wachtwoord reset link te kunnen ontvangen moet je hieronder je e-mailadres invullen."
"Please enter your email below and we will send you the confirmation link.","Vul je wachtwoord hier in en wij zullen je een wachtwoord reset link emailen."
"Please select a region, state or province.","Selecteer provincie."
"Please select a shipping address for applicable items.","Selecteer een afleveradres for de relevante artikelen."
"Please select a shipping method...","Selecteer een verzendmethode..."
"Please select items to copy.","Vink de artikelen aan welke je wilt copiëren."
"Please select items to move.","Selecteer artikelen om te copiëren."
"Please type the letters below","Type de onderstaande letters"
"Please update order data to get shipping methods and rates","Voor het verkrijgen van verzendmethodes en tarieven moet je de bestelling updaten"
"Please use the following link to create an account and view the deals:","Gebruik de volgende link om een account aan te maken en onze aanbiedingen te bekijken:"
"Posted on","Verstuurd op"
"Prev","Terug"
"Previous","Terug"
"Price","Prijs"
"Price change alert! We wanted you to know that prices have changed for these products:","Prijsalarm! We willen je ervan op de hoogte stellen dat de prijzen voor deze producten zijn gewijzigd:"
"Price:","Prijs:"
"Print All Invoices","Print alle facturen"
"Print All Refunds","Print alle restituties"
"Print All Shipments","Print alle verzendingen"
"Print Invoice","Print factuur"
"Print Order","Print bestelling"
"Print Refund","Print restitutie"
"Print Shipment","Print verzendinformatie"
"Print This Page","Print deze pagina"
"Private Wish List","Privé wenslijst"
"Proceed through checkout faster","Ga snel naar de kassa"
"Proceed to Checkout","Ga Naar de Kassa"
"Product","Product"
"Product availability","Beschikbaarheid van een product"
"Product Details and Comment","Productinformatie en opmerkingen"
"Product Info","Productinformatie"
"Product Name","Productnaam"
"Product Rating","Productwaardering"
"Product Rating:","Productwaardering:"
"Product Review (submitted on %1):","Productbeoordeling (submitted on %1):"
"Product Reviews","Productbeoordeling"
"Products back in stock alert","Product op voorraad alert"
"Products price changed alert","Prijsalarm"
"Products Requiring Attention","Product moet worden nagekeken"
"Provided Zip/Postal Code seems to be invalid.","De postcode is niet geldig."
"Public Wish List","Publieke wenslijst"
"Purchase Order Number","Inkoopordernummer"
"px.","px."
"Qty","Aantal"
"Qty:","Aantal:"
"Qty Invoiced","Aantal gefactureerd"
"Qty Shipped","Aantal verzonden"
"Quantity","Aantal"
"Rating","Waardering"
"Ratings Review Summary","Beoordelingsoverzicht"
"Recent Orders","Recente bestellingen"
"Recently added item(s)","Recente toegevoegd(e) artikel(en)"
"Recently Compared","Recent vergeleken"
"Recently Ordered","Recent besteld"
"Recently Viewed","Recent bekeken"
"Reference ID","Referentienummer"
"Reference ID:","Referentienummer:"
"Refund #","Restitutie #"
"Refund #%1","Restitutie #%1"
"Refunded","Gerestitueerd"
"Refunded to Store Credit","Terugbetaald als winkeltegoed"
"Refunds","Restituties"
"Registered Customers","Geregistreerde klanten"
"Regular Price","Standaard prijs"
"Related Orders","Gerelateerde bestellingen"
"Related Products","Gerelateerde artikelen"
"Reload captcha","Herlaad de captcha code"
"Remember Me","Herinner mij"
"Remove","Verwijder"
"Remove All","Alles verwijderen"
"Remove item","Artikel verwijderen"
"Remove Product","Product verwijderen"
"Remove Recipent","Ontvanger verwijderen"
"Remove Row","Rij verwijderen"
"Remove This Item","Verwijder dit artikel"
"Reorder","Opniew bestellen"
"Report All Bugs","Rapporteer alle bugs"
"Required Fields","Verplichte velden"
"Reset","Resetten"
"Reset My Password","Reset mijn wachtwoord"
"Reset your %store_name password","Reset je %store_name wachtwoord"
"Review","Beoordelen"
"Review & Payments","Check de winkelwagen & ga naar de checkout"
"Review by","Kijk na"
"Review Details","Nader bekijken"
"Review Order","Kijk je bestelling na"
"Reviews","Beoordelingen"
"Row Total","totaal"
"Save","Bewaar"
"Save Address","Bewaar adres"
"Save credit card information for future use.","Bewaar creditcard gegevens voor toekomstig gebruik."
"Save in address book","Bewaar in adresboek"
"Search","Zoek"
"Search By","Zoek opties"
"Search entire store here...","Zoek onze hele webshop..."
"Search Options","Zoek opties"
"Search Results","Zoek resultaten"
"Search Settings","Zoek instellingen"
"Search Terms","Zoekterm"
"See Details","Zie details"
"See order and shipping status","Kijk naar de status en verzending van de bestelling"
"See our Shipping Policy","Verwijs naar ons verzendbeleid"
"See price before order confirmation.","Bekijk de prijs voor het bevestigen van de bestelling."
"See terms","Zie algemene voorwaarden"
"Select a new payment method","Kies een ander betalingsmethode"
"Select Address","Selecteer een adres"
"select all","selecteer alles"
"Select all","Selecteer alles"
"Select Method","Selecteer alles"
"Select Shipping Method","Kies een verzend methode"
"Send Check to","Stuur de cheque naar"
"Send Check to:","Stuur de cheque naar:"
"Send confirmation link","Stuur bevestigingslink"
"Send Email","Stuur e-mail"
"Send Invitations","Stuur uitnodiging"
"Send To","Stuur naar"
"Send Welcome Email From","Stuur een welkom email van"
"Sender","Van"
"Set a New Password","Nieuw wachtwoord instellen"
"Set Ascending Direction","Van laag naar hoog sorteren"
"Set Descending Direction","Van hoog naar laag sorteren"
"Settings","Instellingen"
"Share Wish List","Wenslijst delen"
"Sharing Information","Deel informatie"
"Ship Here","Hier naartoe sturen"
"Ship To","Stuur naar"
"Ship to Multiple Addresses","Stuur naar meerdere adressen"
"Ship To:","Stuur naar:"
"Shipment #","Verzending #"
"Shipment #%1","Verzending #%1"
"Shipped","Verzonden"
"Shipped By","Verzonden door"
"Shipping","Verzenden"
"Shipping Address","Afleveradres"
"Shipping Info","Verzendinfo"
"Shipping Information","Verzendinformatie"
"Shipping is not applicable.","De geselecteerde verzendmethode in niet beschikbaar."
"Shipping Method","Verzendmethode"
"Shipping Method:","Verzendmethode:"
"Shipping Methods","Verzendmethoden"
"Shipping To","Verzend naar"
"Shop By","Sorteer op"
"Shopping Cart Items","Artikelen in winkelwagen"
"Shopping Options","Winkelmogelijkheden"
"Show","Toon"
"Sign a billing agreement to streamline further purchases  with PayPal.","Teken een factuurovereenkomst om verdere aankopen met PayPal te stroomlijnen."
"Sign a billing agreement to streamline further purchases with PayPal.","Teken een factuurovereenkomst om verdere aankopen met PayPal te stroomlijnen."
"Sign In","Inloggen"
"Sign Up for Newsletter","Aanmelden voor de nieuwsbrief"
"Sign Up for Our Newsletter:","Meld je aan voor onze nieuwsbroef:"
"Sign-in Information","Login informatie"
"Skip to Content","Ga naar productinformatie"
"Sku","Sku"
"SKU","SKU"
"Sorry, no quotes are available for this order at this time","Sorry, er zijn momenteel geen offertes beschikbaar voor deze bestelling"
"Sorry, no quotes are available for this order right now.","Sorry, er zijn geen offertes beschikbaar voor deze bestelling."
"Sorry, something went wrong.","Sorry - er ging iets mis."
"Sorry, something went wrong. Please try again later.","Sorry er ging iets mis. Probeer het zo nog een keer."
"Sort By","Sorteer op"
"Special Price","Speciale prijs"
"Starting at","Begin bij"
"State/Province","Provincie"
"Status","Status"
"Status:","Status:"
"Store alternative addresses (for shipping to multiple family members and friends)","Bewaar alternatieve adressen (voor verzending naar meerdere familieleden en vrienden)"
"Store credit","Winkeltegoed"
"Store credit available","Winkeltegoed beschikbaar"
"Store Credit update","Winkeltegoed update"
"Stored Payment Methods","Opgeslagen betaalmethoden"
"Street Address","Straat"
"Street Address %1","Straat %1"
"Strong","Sterk"
"Submit","Indienen"
"Submit Review","Beoordeling indienen"
"Submitted on %1","Ingediend op %1"
"Submitting order information...","Bestellingsinformatie indienen..."
"Subscribe","Aanmelden"
"Subscription option","Mogelijkheid tot aanmelden"
"Subtotal","Subtotaal"
"Subtotal (Excl. Tax)","Subtotaal (excl. btw)"
"Subtotal (Incl. Tax)","Subtotaal (incl. btw)"
"Summary","Overzicht"
"Take a look at %customer_name's Wish List","Neem een kijkje op %customer_name's wenslijst"
"Tax","Btw"
"Tax/VAT number","BTW nummer"
"Thank you for confirming your %store_name account.","Bedankt voor het bevestigen van %store_name account."
"Thank you for subscribing to our newsletter.","Bedankt voor het aanmelden op onze nieuwsbrief."
"Thank you for your order from %store_name.","Bedankt voor het plaatsen van je bestelling bij %store_name."
"Thank you for your purchase!","Bedankt voor je bestelling!"
"Thanks for your order. We'll email you order details and tracking information.","Bedankt voor je bestelling. We zullen u een overzicht van de bestelling toesturen zowel als track en trace informatie."
"Thanks,<br>%store_name","Groet,<br>%store_name"
"There are no billing agreements yet.","Er zijn nog geen factuurovereenkomsten."
"There are no search terms available.","Er zijn geen zoektermen beschikbaar."
"There are no sent invitations.","Er zijn geen uitnodigingen gestuurd."
"There is no tracking available for this shipment.","Er is helaas geen track en trace beschikbaar voor deze bestelling."
"There is no tracking available.","Er is geen track en trace beschikbaar."
"There was recently a request to change the password for your account.","Er was een recent verzoek om je wachtwoord voor je account te wijzigen."
"This is demo store. No orders will be fulfilled.","Dit is een demo winkel. Bestellingen zullen niet worden verwerkt."
"This is your default billing address.","Dit is jouw standaard factuuradres."
"This is your default shipping address.","Dit is jouw standaard afleveradres."
"This Wish List has no Items","Je wenslijst is leeg"
"Time","Tijdstip"
"To","Aan / naar"
"To begin receiving the newsletter, you must first confirm your subscription by clicking on the following link:","Om de nieuwsbrief te kunnen ontvangen moet je, je inschrijving eerst bevestigen door op het volgende link te klikken"
"To comply with the new e-Privacy directive, we need to ask for your consent to set the cookies.","Om te voldoen aan de nieuwe e-Privacy richtlijn, moeten we uw toestemming vragen om de cookies in te stellen."
"To sign in to our site and set a password, click on the <a href=""%create_password_url"">link</a>:","Om in te loggen op onze site moet je een wachtwoord instellen door op de volgende link te klikken <a href=""%create_password_url"">link</a>:"
"To sign in to our site, use these credentials during checkout or on the <a href=""%customer_url"">My Account</a> page:","Om in te loggen op onze site, moet je de volgende referenties gebruiken tijdens het afrekenen van je bestelling via <a href=""%customer_url"">Mijn account</a> pagina:"
"To:","Aan:"
"Toggle Nav","Wissel nav"
"Total","Totaal"
"Total Incl. Tax","Totaal inclusief btw"
"Track history","Track en trace overzicht"
"Track order history","Overzicht van je bestellingen"
"Track this shipment","Bestelling tracken"
"Track:","Track en trace:"
"Tracking information is currently not available. Please ","Track en trace informatie is momenteel niet beschikbaar. A.U.B "
"Tracking Number","Tracking nummer"
"Tracking Number:","Tracking nummer:"
"Tracking Number(s):","Tracking nummers:"
"Type","stijl"
"Unit Price","Prijs per stuk"
"unselect all","alles deselecteren"
"Unsubscribe from all price alerts","Afmelden voor alle prijswijziging notificaties"
"Unsubscribe from all stock alerts","Afmelden voor alle voorraad notificaties"
"Update","Bijwerken"
"Update Cart","Winkelwagen bijwerken"
"Update Qty &amp; Addresses","Aantal addressen &amp bijwerken"
"Update Shipping Method","Verzendmethode updaten"
"Update Shopping Cart","Winkelwagen updaten"
"Update to your %store_name krediet","Jouw %store_name credit is bijgewerkt"
"Update to your %store_name invoice","Jouw %store_name factuur is bijgewerkt"
"Update to your %store_name order","Jouw %store_name bestelling is bijgewerkt"
"Update to your %store_name shipment","Jouw %store_name verzendinfo is bijgewerkt"
"Update Wish List","Wenslijst bijwerken"
"Updated","Bijgewerkt"
"Updated At","Bijgewerkt op"
"Updated:","Bijgewerkt:"
"Use as my default billing address","Gebruik als mijn standaard factuuradres"
"Use as my default shipping address","Gebruik als mjn standaard afleveradres"
"VAT Number","Btw nummer"
"VAT Number:","Btw Nummer:"
"VAT number","Btw nummer"
"VAT Number is valid.","Het btw nummer is geldig."
"Please enter a valid VAT number.","Voer a.u.b een geldig btw nummer in."
"Your VAT ID was successfully validated.","Het btw nummer is goedgekeurd."
"You will be charged tax.","Er wordt btw in rekening gebracht."
"You will not be charged tax.","Er wordt geen btw in rekening gebracht."
"The VAT ID entered (%1) is not a valid VAT ID.","Het ingevoerde btw nummer (%1) is niet geldig."
"Your Tax ID cannot be validated.","Het btw nummer kan niet worden goedgekeurd."
"If you believe this is an error, please contact us at %1","Als je denkt dat dit incorrect is, neem dan contact met ons op op %1"
"Very Strong","Super sterk"
"View","Bekijken"
"View All","Alles bekijken"
"View all Wish List items","Bekijk alles op de wenslijst"
"View as","Bekijk als"
"View Details","Gevens bekijken"
"View Order","Bestelling bekijken"
"View past orders","Vorige bestellingen bekijken"
"View Product","Product bekijken"
"We can't complete your order because you don't have a payment method set up.","We kunnen je bestelling niet afronden omdat er geen betalingsmethode is ingesteld."
"We can't create the Wish List right now.","We kunnen de wenslijst momenteel niet samenstellen."
"We can't find any items matching these search criteria.","We kunnen geen producten vinden welke aan deze criteria voldoen."
"We can't find products matching the selection.","We kunnen geen producten vinden welke overeenkomen met je selectie."
"We found other products you might like!","We hebben meer producten gevonden waar je in geïnteresseerd in bent!"
"We have received a request to change the following information associated with your account at %store_name: email, password.","We hebben een aanvraag ontvangen om de volgende informatie welke met je %store_name account wordt geassocieerd : email, password."
"We have received a request to change the following information associated with your account at %store_name: email.","We hebben een aanvraag ontvangen om de volgende informatie welke met je %store_name account wordt geassocieerd : email"
"We have received a request to change the following information associated with your account at %store_name: password.","We hebben een aanvraag ontvangen om de volgende informatie welke met je %store_name account wordt geassocieerd : password."
"We have updated your <a href=""%store_url"">%store_name</a> account and you have credit that you can use for future purchases.","We hebben je <a href=""%store_url"">%store_name</a> account bijgewerkt en je hebt nu een winkeltegoed welke je bij de eerstvolgende bestelling kunt gebruiken."
"We received your order!","We hebben je bestelling ontvangen!"
"We use cookies to make your experience better.","We gebruiken cookies om je winkelervaring te verbeteren."
"We'll ask for your payment details before you place an order.","Voordat je een bestelling plaatst zullen wij je om betalingsinformatie vragen."
"We'll email you an order confirmation with details and tracking info.","We zullen je een bevestiging van je bestelling sturen met daarin verdere informatie inclusief track en trace informatie."
"We'll send your order confirmation here.","We zullen de bevestiging van je bestelling hier naar toesturen."
"Weak","Zwak"
"Welcome to %store_name","Welkom bij %store_name"
"Welcome to %store_name.","Welkom bij %store_name."
"Welcome, %1!","Welkom, %1!"
"Welcome, %name","Welkom, %name"
"What is PayPal?","Wat is PayPal?"
"What is this?","Wat is dit?"
"What's this?","Wat is dit?"
"What’s on your mind?","Waar kunnen we je mee helpen?"
"When you sign in to your account, you will be able to:","Wanner je inlogt in je account dan kun je:"
"Wish List","Wenslijst"
"Wish List is empty now.","Wenslijst is leeg."
"Wish List Items","Artikel op de wenslijst"
"Wish List Name","Naam wenslijst"
"Wish List Search","Zoek wenslijst"
"Wishlist","Wenslijst"
"WK","wk"
"Write Us","Schrijf ons"
"Write Your Own Review","Schrijf je eigen beoordeling"
"You already have an account with us. Sign in or continue as guest.","Je hertb al een account. Login of ga door als gast."
"You are signed out","Je bent niet ingelogged"
"You can check the status of your order by <a href=""%account_url"">logging into your account</a>.","Je kunt de status van je bestelling nakijken door <a href=""%account_url"">in te loggen</a> op jouw account."
"You can create an account after checkout.","Na het afronden van de bestelling kunt je een account aanmaken."
"You can track your order status by creating an account.","Je kunt de status van je bestelling volgen door een account aan te maken."
"You cannot send more invitations","Je kunt geen uitnodigen meer sturen"
"You don't subscribe to our newsletter.","Je bent niet aangemeld voor onze nieuwsbrief."
"You have been successfully subscribed to our newsletter.","Je hebt je succesvol bij onze nieuwsbrief aangemeld."
"You have been unsubscribed from the newsletter.","Je hebt je succesvol afgemeld."
"You have no default billing address in your address book.","Je hebt geen standaard factuuradres in je adresboek."
"You have no default shipping address in your address book.","Je hebt geen standaard aflveradres in je adresboek."
"You have no items in your shopping cart.","Je winkelwagen is leeg."
"You have no items in your wish list.","Je wenslijst is leeg."
"You have no items to compare.","Je hebt geen artikelen om te vergelijken."
"You have no other address entries in your address book.","Je hebt geen andere adressen in je adresboek."
"You have no stored payment methods.","Je hebt geen opgeslagen betalingsmethoden."
"You have placed no orders.","Je hebt geen bestellingen geplaatst."
"You have signed out and will go to our homepage in 5 seconds.","Je bent uitgeschreven en je zult binnen 5 seconden worden doorverbonden naar onze startpagina."
"You have submitted no reviews.","Je hebt geen reviews ingediend."
"You must confirm your %customer_email email before you can sign in (link is only valid once):","Voordat je kunt inloggen moet je jouw %customer_email email bevestigen (link is slechts eenmalig geldig):"
"You must select items to add to the cart.","Je moet items  eerst selecteren en dan kun je deze aan de winkelwagen toevoegen."
"You subscribe to ""General Subscription"".","Je staat ingeschreven voor onze ""Standaard Nieuwsbrief""."
"You will be redirected to the payment system website.","Je wordt doorgestuurd naar ons online betalingssysteem."
"You will be redirected to the PayPal website when you place an order.","Wanneer je een bestelling plaatst zal je worden doorgestuurd naar de PayPal-website."
"You will be redirected to the PayPal website.","Je wordt doorgestuurd naar de PayPal-website."
"You will be redirected to the Worldpay website.","Je wordt doorgestuurd naar de Worldpay website."
"You will be required to enter your payment details after you place an order.","Nadat je een bestelling heeft geplaatst moet u uw betalingsgegevens invoeren."
"You will see the order total before you submit the order.","Voordat je doorgaat met bestellen zal het totaal bedrag worden weergegeven."
"You're currently reading page","Je bent momenteel op pagina"
"You're reviewing:","Je bent momenteel een beroordeling aan het schrijven voor:"
"Your %store_name email and password has been changed","Jouw %store_name e-mail en wachtwoord is gewijzigd"
"Your %store_name email has been changed","Jouw %store_name e-mail is gewijzigd"
"Your %store_name order confirmation","Jouw %store_name order bevestiging"
"Your %store_name order has shipped","Jouw bestelling %store_name is verzonden"
"Your %store_name password has been changed","Het %store_name wachtwoord is gewijzigd"
"Your balance is:","Jouw saldo is:"
"Your billing agreement # is: ","De factuurovereenkomst # is: "
"Your credit card will be charged for","Jouw creditcard wordt in rekening gebracht voor"
"Your Credit Memo #%creditmemo_id for Order #%order_id","Jouw credit memo #%creditmemo_id voor bestelling #%order_id"
"Your Customization","Jouw aanpassingen"
"Your Invoice #%invoice_id for Order #%order_id","De factuur #%invoice_id voor bestelling #%order_id"
"Your order # is: <span>%1</span>.","Jouw bestelling # : <span>%1</ span>."
"Your order #%increment_id has been updated with a status of <strong>%order_status</strong>.","De bestelling #%increment_id is bijgewerkt en de ststus van uw bestelling is <strong>%order_status</strong>."
"Your Order <span class=""no-link"">#%increment_id</span>","Jouw bestelling <span class=""no-link"">#%increment_id</span>"
"Your order number is: ","Jouw ordernummer is: "
"Your order number is: %1.","Jouw ordernummer is: %1."
"Your order numbers are: ","De ordernummers zijn: "
"Your order #%order_id","Jouw ordernummer #%order_id"
"Your payment has been successfully processed by our shop system.","Jouw betaling is succesvol verwerkt door ons winkelsysteem."
"Your Rating","Jouw beoordeling"
"Your Review","Jouw recensie"
"Your search returned no results.","Deze zoekopdracht heeft geen resultaten opgeleverd."
"Your Shipment #%shipment_id for Order #%order_id","Je zending #%shipment_id voor bestelling #%order_id"
"Your shipping confirmation is below. Thank you again for your business.","Je kunt de bevestiging van je verzending hieronder terugvinden. Nogmaals bedankt voor je bestelling."
"Your Store Credit balance is now %balance.","Je winkeltegoed is %balance."
"ZIP Code","Postcode"
"Zip/Postal Code","Postcode"
"Continue to ","Doorgaan met "
"Use Saved Card","Gebruik opgeslagen betaalkaart"
"Save this card","Bewaar deze betaalkaart"
"Place Order","Bestelling plaatsen"
"Swift Code","Swift code"
"Continue to Giropay","Ga door naar Giropay"
"Bank Code","Bankcode"
"Continue to iDeal","Ga door naar iDeal"
"Continue to PayPal","Ga door naar PayPal"
"My Saved Cards","Mijn opgeslagen betaalkaarten"
"You added %1 to your shopping cart.","Je hebt %1 toegevoegd aan je winkelwagen."
"We don't have as many ""%1"" as you requested.","Helaas hebben wij niet zoveel ""%1"" zoals gevraagd."
"Full Description","Volledige omschrijving"
"Rate this product","Beoordeel dit product"
"You submitted your review for moderation.","Je hebt je beoordeling ingediend en deze zal z.s.m worden goedgekeurd."
"Please select one of each of the ratings above.","Selecteer alstublieft een van de bovenstaande beoordelingen."
"This is a required field.","Dit is een verplicht veld."
"Shopping Cart","Winkelmand"
" Cart ","Winkelmand"
"This Item","Dit artikel"
"You will Need","Aanvullende producten"
"We recommend the following essential products","Wij raden de volgende essentiële producten aan"
"We recommend the following essential products:","Wij raden de volgende essentiële producten aan:"
"You will receive an order confirmation email with details of your order and a link to track its progress.","Je ontvangt een orderbevestigings e-mail met daarin een overzicht van je bestelling en een link om de status van je bestelling te kunnen volgen."
"Delivery & Returns","Levering & Retourneren"
"Our 128-bit encryption keeps your personal data secure and secure.","Onze 128-bit encryptie houdt je persoonsgegevens veilig."
"Sign Out","Afmelden"
"Customer Login","Klant login"
"Invalid login or password.","Ongeldige e-mailadres of wachtwoord."
"More Info","Meer informatie"
"Similar Products","Soortgelijke producten"
"Are you sure you would like to remove this item from the shopping cart?","Weet je zeker dat je dit artikel uit je winkelmandje wilt verwijderen?"
"Please enter a valid email address (Ex: johndoe@domain.com).","Vul a.u.b een geldig email adres in (bijv. jansmit@domain.nl)."
"Minimum length of this field must be equal or greater than %1 symbols. Leading and trailing spaces will be ignored.","De minimale lengte van dit veld moet gelijk of groter zijn dan %1 leestekens. Spaties worden genegeerd."
"Please enter the same value again.","Herhaal het wachtwoord."
"Minimum of different classes of characters in password is %1. Classes of characters: Lower Case, Upper Case, Digits, Special Characters.","Het minimum aantal verschillende speciale letters & tekens in een wachtwoord is %1. Met speciale letters en tekens verwijzen we naar: kleine letters, hoofdletters, cijfers, speciale tekens"
"Please enter only digits.","A.u.b alleen cijfers invoeren."
"Please enter a valid credit card number.","Vul alstublieft een geldig creditcardnummer in."
"%1 and above","%1 en hoger"
"Position","Positie"
"Click <a href=""%1"" onclick=""this.target='_blank'"" class=""print"">here</a> to print a copy of your order confirmation","Klik <a href=""%1"" onclick=""this.target='_blank'"" class=""print"">hier</a> om een kopie van je orderbevestiging af te drukken"
" Thank you for your purchase! ","Hartelijk dank voor je aankoop!"
"Fast Delivery","Snelle bezorging"
"Pending","In afwachting"
"Back to My Orders","Terug naar mijn bestellingen"
"Social","Volg ons via"
"Top Tips","Beste tips"
"Read our Top Tips","Lees onze top tips"
"Thank you for registering with %1.","Bedankt voor het registreren met %1."
"Thank you, %store_name","Bedankt, %store_name"
"Shipping & Handling","Verzending & verwerking"
"You saved the account information.","Je hebt de accountgegevens opgeslagen."
"If there is an account associated with %1 you will receive an email with a link to reset your password.","Als er al een account is gekoppeld aan %1, dan ontvang je een e-mail met  daarin een link om je wachtwoord opnieuw in te stellen."
"There is already an account with this email address. If you are sure that it is your email address, <a href=""%1"">click here</a> to get your password and access your account.","Er is al een account met dit e-mailadres. Als je zeker bent dat het jouw e-mailadres is, <a href=""%1"">klik hier</a> om je wachtwoord opnieuw in te stellen en toegang tot je account te verkrijgen."
"Thank you for your subscription.","Bedankt voor je aanmelding."
"To avoid your Junk or Spam folder, please add ","Om niet in de junk of spam terecht te komen, voegt a.u.b toe aan "
" to your contacts."," naar contacten."
"Dear Customer,","Beste klant,"
"Thank you for your request to subscribe to our newsletters and special offers from ","Bedankt voor je verzoek voor aanmelding op onze nieuwsbrieven en speciale aanbiedingen van "
"To ensure that you receive our newsletters and special offers in your Inbox you need to mark our email address as safe, so it does not automatically go into your Spam or Junk folder. Instructions on how to do this for the most popular email applications are provided below.","Om ervoor te zorgen dat je onze nieuwsbrieven en speciale aanbiedingen in je Inbox ontvangt, moet je ons e-mailadres als veilig markeren, zodat het niet automatisch naar je spam of junk folder gaat. Instructies over hoe je dit moet dun kun je hieronder terugvinden."
"Open the email we sent you and click the Mark as Safe link at the top.","Open de e-mail die wij je hebben gestuurd en klik op de link ''als veilig markeren'' bovenaan."
"Yahoo Mail & Google Mail","Yahoo Mail en Google Mail"
"Open the email we sent you and click the Not Spam button if there is one.","Open onze e-mail  en klik op de knop geen spam (als er een is)."
"Open the email we sent you and in the toolbar area at the top of the window select Safe Lists and then Add Sender’s Domain to Safe Senders List.","Open onze  e-mail in de werkbalk boven aan het venster, selecteer veilige lijsten en voeg vervolgens Senderâ€™s Domain toe aan veilige afzenders."
"Windows Mail","Windows Mail"
"Go to the Tools menu and then select Junk E-mail Options. Select the Safe Senders tab and add ","Ga naar instelling en selecteer junk e-mail opties. Selecteer het tabblad veilige verzenders en voeg toe "
" to the Safe Senders list."," naar de lijst veilige afzenders."
"Thank you for subscribing. We hope you finding our mailings useful and informative. However, should you wish to unsubscribe at any time, simply click the unsubscribe link that can be found at the bottom of any of our newsletters.","Bedankt voor je aanmelding. Wij hopen dat je onze emails nuttig en informatief vindt. Indien je je wilt uitschrijven dan kun je gewoon op de 'uitschrijven' link klikken welke je onder aan de nieuwsbrief kunt terugvinden."
"We are sorry to hear you no longer wish to receive the newsletter. Your newsletter unsubscription has been successful.","Jammer om te horen dat je onze nieuwsbrief niet langer wenst te ontvangen. Je bent nu uitgeschreven."
"Carrier with such method not found:","Wij hebben geen couriersdient met de gewenste methode voor je kunnen vinden:"
"Home","Startpagina"
"Search results for: '%1'","Zoekresultaten voor: '%1'"
"Related search terms","Verwante zoektermen"
"Did you mean","Bedoelde je"
"The most you may purchase is %1.","Het aantal dat je mag bestellen is %1."
"You need to choose options for your item.","Je moet opties voor je artikel kiezen."
"Forgot Your Password","Wachtwoord vergeten"
"Discount","Korting"
"Your Order","Je Bestelling"
"Your order","Je bestelling"
"You updated your password.","Je wachtwoord is bijgewerkt."
"The coupon code has been accepted.","De kortingscode is geaccepteerd."
"The coupon code ""%1"" is not valid.","De kortingscode ""%1"" is niet geldig."
"Coupon code is not valid.","De kortingscode is niet geldig."
"Coupon code is not valid","De kortingscode is niet geldig"
"You used coupon code ""%1"".","Je hebt kortignscode ""%1"" gebruikt."
"You saved the address.","Het adres is opgeslagen."
"We\'re unable to send the password reset email.","Helaas is het niet mogelijk om een email te sturen met daarin de link om je wachtwoord opnieuw in te stellen."
"Too many password reset requests. Please wait and try again or contact %1.","Je hebt teveel wachtwoord aanvragen naar ons ge-emailed. Wacht a.u.b een aantal minuten en probeer het nogmaals of neem contact met ons op %1."
"Payer Email","Email van de betaler"
"Payer ID","Betaler ID"
"Payer Status","Status betaling"
"Payer Address ID","Betaler adres ID"
"Payer Address Status","Adres status betaler"
"Some of the products are out of stock.","Een aantal producten zijn helaas niet op voorraad."
"This product is out of stock.","Dit product is niet op voorraad."
"Your password reset link has expired.","De link om een nieuw wachtwoord in te stellen is helaas verlopen."
"Please select an option.","Maak een keuze."
"Your shopping cart has been updated with new prices.","Je winkelwagen is bijgewerkt met nieuwe prijzen."
"This email address is already assigned to another user.","Dit e-mailadres is al toegewezen aan een andere gebruiker."
"There was a problem with the subscription: %1","Er was een probleem met het aanmelden: %1"
"Something went wrong with the subscription.","Er is iets fout gegaan tijdens het aanmelden."
"You unsubscribed.","U bent uitgeschreven."
"Something went wrong while unsubscribing you.","Er is iets fout gegaan tijdens het uitschrijven."
"Bank Transfer Payment","Betaling via Bankoverboeking"
"PayPal Express Checkout Token does not exist.","PayPal Express Checkout Token bestaat niet."
"Discount (%1)","Korting (%1)"
"We removed the subscription.","Je bent nu uitgeschreven."
"We saved the subscription.","Je bent nu geregistreerd."
"You canceled the coupon code.","Je hebt de kortingscode verwijderd."
"Your coupon was successfully applied.","Je kortingscode is met succes toegepast."
"Your coupon was successfully removed.","Je kortingscode is met succes verwijderd."
"Cancel coupon","Verwijder kortingscode"
"%1 was updated in your shopping cart.","%1 is bijgewerkt in je winkelmand."
"Create New Customer Account","Nieuwe klant-account aanmaken"
"Express Checkout has been canceled.","Express Checkout is geannuleerd."
"Go to Basket", "Ga naar de winkelwagen"
"The account is locked. Please wait and try again or contact %1.","Je account is geblokkeerd. Wacht even en probeer opnieuw of e-mail: %1."
"About Your Shipment","Over je zending"
"A customer with the same email already exists in an associated website.","Sorry, dit e-mail adres is al geregisteerd op onze website kies een alternatief e-mail adres."
" Example: "," Bijvoorbeeld: "
"The password doesn\'t match this account.","Dit is een ongeldig wachtwoord."
"Your Invoice for Order #%order_id","Je factuur voor Ordernummer #%order_id"
"Invoice for Order #%order_id","Factuur voor ordernummer #%order_id"
"If you are a registered VAT customer, please <a href=""%1"">click here</a> to enter your billing address for proper VAT calculation.","Als je een geregistreerde BTW klant bent, <a href=""%1"">klik hier</a> vul dan je factuuradres voor een accurate btw berekening."
"You will not be charged tax. <a href=""%1"">Continue</a> with your order.","BTW zal niet in rekening worden gebracht. Ga <a href=""%1"">verder</a> met uw bestelling."
"You will be charged tax. <a href=""%1"">Continue</a> with your order.","BTW wordt in rekening gebracht. Ga <a href=""%1"">verder</a> met uw bestelling."
"The VAT deduction will be shown on the next stage.","De aftrekbare BTW zal in de volgende fase worden weergegeven."
"<a href=""%1"">Read our policy</a>.","Lees <a href=""%1"">hier</a> ons cookiebeleid."
"Our website uses cookies to give you the best experience of our site.","Onze website gebruikt cookies om je winkelervaring te verbeteren."
"By using this site, you agree to the use of cookies.","Door het verder gebruik te maken van deze website ga je akkoord met het gebruik van cookies."
"I agree","IK BEN HET EENS"
"Valves not included","Radiatorkranen zijn niet inbegrepen"
"Which Valves do I need?","Welke radiatorkranen heb ik nodig?"
"Go to Home Page","Ga naar startpagina"
"Item was added to your basket","Het artikel is toegevoegd aan de winkelwagen"
"Basket contains","Inhoud van de winkelwagen"
"Options: ","Opties: "
"Delivery Cost","Leveringskosten"
"Move your mouse over image or click to enlarge","Beweeg je muis over de afbeelding of klik om te vergroten"
"Hover to zoom","Beweeg je muis om in te zoomen"
"Click to zoom","Klik om te zoomen"
"Click to expand","Klik om in te lichten"
"Close","Sluiten"
"Next","Volgende"
"Previous","Vorige"
"Touch to zoom","Raak voor zoom"
"Double tap to zoom","Dubbelklik om te vergroten"
"Tap to expand","Klik om te vergroten"
"Delivery Message","Snelle bezorging"