"View and edit cart","Ver y editar cesta"
" for more information or ","para más información o"
" if you are not redirected automatically.","si no es redirigido automáticamente."
"-- Please Select --","Seleccione"
"-- Please Select Billing Agreement--","Seleccione Acuerdo de Pago"
"--Please Select--","Seleccione"
"(Excl. Tax)","(Excluye Impuestos)"
"(Incl. Tax)","(Incluye Impuestos)"
"* Required Fields","* Campos Obligatorios"
"%1 has been added to your Wish List.","%1 ha sido añadido a su Lista de Deseos."
"%1 is available to buy in increments of %2","%1 se encuentra disponible en packs de %2"
"%1 Item","%1 Artículo"
"%1 Item(s)","%1 Artículo(s)"
"%1 Items","%1 Artículos"
"%1 items","%1 artículos"
"%1 Review(s)","%1 Reseña(s)"
"%customer_name wants to share this Wish List from %store_name with you:","%customer_name desea compartir una Lista de Deseos de %store_name con usted:"
"%sender_name wants to share this product with you:","%sender_name desea compartir este producto con usted:"
"%store_name offers limited time sales of products only to members.","%store_name ofrece exclusivas ofertas de tiempo limitado sólo a miembros."
"<a href=""%1"" onclick=""this.target='_blank'"" class=""print"">Print receipt</a>","<a href=""%1"" onclick=""this.target='_blank'"" class=""print"">Haga clic aquí para imprimir una copia de su confirmación de pedido</a>"
"<a href=""%1"">Learn more</a>.","<a href=""%1"">Ver más</a>."
"<span class=""label"">Order Date:</span> %1","<span class=""label"">Fecha de Pedido:</span> %1"
"<strong>%1 item</strong> were found using the following search criteria","<strong>%1 resultado</strong> se ha encontrado utilizando la siguiente búsqueda"
"<strong>%1 items</strong> were found using the following search criteria","<strong>%1 resultados</strong> se han encontrado utilizando la siguiente búsqueda"
"<strong>Attention</strong>: Captcha is case sensitive.","<strong>Atención</strong>: Captcha es sensible a mayúsculas."
"A letter with further instructions will be sent to your email.","Enviaremos mayor información a su correo electrónico."
"About the calendar","Sobre el calendario"
"About Your Order","Sobre su pedido"
"Account","Cuenta"
"Account Dashboard","Panel de Control de la Cuenta"
"Account Information","Información de la Cuenta"
"Action","Acción"
"Actions","Acciones"
"Actual Price","Precio Actual"
"Add","Añadir"
"Add All to Cart","Añadir Todo a la Cesta"
"Add Invitee","Añadir Invitado"
"Add New Address","Añadir Nueva Dirección"
"Add Row","Añadir Fila"
"  Add to Cart  ","Añadir a la Cesta"
"Add to Cart","CESTA"
"Add to Compare","Añadir a Comparar"
"Add to Wish List","Añadir a la Lista de Deseos"
"Add to:","Añadir a:"
"Add Your Review","Añada su Reseña"
"Added","Añadido"
"Adding...","Añadiendo..."
"Additional Address Entries","Entradas de Dirección Adicionales"
"Additional Options","Opciones Adicionales"
"Address","Dirección"
"Address %1 <span>of %2</span>","Dirección %1 <span>de %2</span>"
"Address Book","Directorio"
"Address Information","Información de la Dirección"
"Addresses","Direcciones"
"Advanced Search","Búsqueda Avanzada"
"Agreement Information","Información del Acuerdo"
"Allow Cookies","Permitir Cookies"
"An error occurred on the server. Please try to place the order again.","Se ha producido un error en el servidor. Por favor, intente realizar su pedido nuevamente."
"Apply Discount","Aplicar Descuento"
"Apply Discount Code","Aplicar Bono de Descuento"
"Are you sure you want to delete this address?","¿Está seguro de que desea eliminar esta dirección?"
"Are you sure you want to delete this item?","¿Está seguro de que desea eliminar este artículo?"
"Are you sure you want to delete your wish list? This action can't be undone.","¿Está seguro de que desea eliminar su lista de deseos? Esta acción no se puede deshacer."
"Are you sure you want to do this?","¿Está seguro de que desea realizar esta acción?"
"As low as","Tan bajo como"
"Attention: Captcha is case sensitive.","Atención: Captcha es sensible a mayúsculas."
"Availability","Disponibilidad"
"Availability:","Disponibilidad:"
"available","disponible"
"Average Customer Rating","Valoración Media de Clientes"
"Average Customer Rating:","Valoración Media de Clientes:"
"Back","Volver"
"Back to Billing Agreements","Volver a Acuerdos de Pago"
"Back to Billing Information","Volver a Información de Facturación"
"Back to Invitations","Volver a Invitaciones"
"Back to Main Product Info","Volver a Información Principal del Producto"
"Back to My Reviews","Volver a Mis Reseñas"
"Back to Product Reviews","Volver a Reseñas de Productos"
"Back to Select Addresses","Volver a Seleccionar Direcciones"
"Back to Shipping Information","Volver a Información de Envío"
"Back to Shopping Cart","Volver a Cesta de Compra"
"Back to Sign In","Volver a Iniciar Sesión"
"Balance","Saldo"
"Balance Change","Cambio en su Saldo"
"Balance History","Historial de su Saldo"
"Be the first to review this product","Sea el primero en escribir una reseña sobre este producto"
"Billing Address","Dirección de Facturación"
"Billing Agreement","Acuerdo de Pago"
"Billing Agreement # ","Acuerdo de Pago # "
"Billing Agreements","Acuerdos de Pago"
"Billing Info","Información de Facturación"
"Billing Information","Información de Facturación"
"Billing Last Name","Facturación Apellido"
"Billing ZIP Code","Facturación Código Postal"
"Buy %1 for %2 each","Compre %1 por %2 cada uno"
"Buy %1 for %2 each and <strong class=""benefit"">save<span class=""percent tier-%3"">&nbsp;%4</span>%</strong>","Compre %1 por %2 cada uno y <strong class=""benefit"">ahorre<span class=""percent tier-%3"">&nbsp;%4</span>%</strong>"
"Buy %1 for: ","Compre %1 por: "
"Buy %1 with %2 discount each","Compre %1 con %2 de descuento cada uno"
"Buy now with PayPal","Compre ahora con PayPal"
"Cancel","Cancelar"
"Cancel Coupon","Cancelar Bono"
"Canceled","Cancelado"
"Card Number","Número de la Tarjeta"
"Card Verification Number","Número de Verificación de la Tarjeta"
"Card Verification Number Visual Reference","Número de Verificación de la Tarjeta Referencia Visual"
"Carrier Title","Transportista"
"Carrier:","Transportista:"
"Cart Subtotal","Subtotal de la Cesta"
"Catalog Advanced Search","Búsqueda Avanzada en el Catálogo"
"Category","Categoría"
"Change","Cambiar"
"Change Billing Address","Cambiar Dirección de Facturación"
"Change Email","Cambiar Correo Electrónico"
"Change Email and Password","Cambiar Correo Electrónico y Contraseña"
"Change Password","Cambiar Contraseña"
"Change Shipping Address","Cambiar Dirección de Envío"
"Check 'Remember Me' to access your shopping cart on this computer even if you are not signed in.","Seleccione 'Recuérdame' para acceder a su cesta de compra en este ordenador sin iniciar sesión."
"Check &quot;Remember Me&quot; to access your shopping cart on this computer even if you are not signed in.","Seleccione &quot;Recuérdame&quot; para acceder a su cesta de compra en este ordernador sin iniciar sesión."
"Check here to link an RSS feed to your Wish List.","NO"
"Check items to add to the cart or","Revise los artículos añadidos a la cesta o"
"Check out faster","Gestione su pedido de manera rápida"
"Check Out with Multiple Addresses","Gestione su Pedido con Direcciones Múltiples"
"Check the status of orders","Consultar el estado de sus pedidos"
"Checkout out as a new customer","Gestione su pedido como cliente nuevo"
"Checkout out using your account","Gestione su pedido utilizando su cuenta"
"Checkout with PayPal","Gestione su pedido con PayPal"
"Choose a selection...","Escoga una selección…"
"Choose an Option...","Escoga una opción..."
"City","Ciudad"
"Clear All","Eliminar Todo"
"Clear Shopping Cart","Vaciar la cesta de compra"
"Click <a href=""%1"">here</a> to continue shopping.","Haga Clic <a href=""%1"">aquí</a> para seguir comprando."
"Click for price","Haga clic aquí para ver el precio"
"Click here to stop alerts for this product.","Haga clic aquí para detener alertas sobre este producto"
"Close","Cerrar"
"Close Window","Cerrar Ventana"
"Comment","Comentario"
"Company","Compañia"
"Company Registration Number:","Numero de Registro Mercantil:"
"Compare","Comparar"
"Compare Products","Comparar Productos"
"Confirm New Password","Confirme la Nueva Contraseña"
"Confirm Password","Confirme la Contraseña"
"Confirm Your Account","Confirme su Cuenta"
"Contact Information","Información de Contacto"
"Contact Us","Contáctenos"
"contact us","contáctenos"
"Contact","Contáctenos"
"Continue","Continuar"
"Continue Shopping","Continuar comprando"
"continue shopping","continuar comprando"
"Continue to Billing Information","Continuar a Información de Facturación"
"Continue to PayPal","Continuar a PayPal"
"Continue to Worldpay","Continuar a Worldpay"
"Copy Selected to Wish List","Copiar Selección a Lista de Deseos"
"Copy to Wish List","Copiar a Lista de Deseos"
"Country","País"
"Create an Account","Crear una Cuenta"
"Create Billing Address","Crear Dirección de Facturación"
"Create New Wish List","Crear Nueva Lista de Deseos"
"Create Shipping Address","Crear Dirección de Envío"
"Create...","Crear…"
"Created","Creado"
"Created At","Creado en"
"Created:","Creado:"
"Creating an account has many benefits:","Crear una cuenta tiene múltiples beneficios:"
"Creating an account has many benefits: check out faster, keep more than one address, track orders and more.","Crear una cuenta tiene muchos beneficios: gestionar pedidos rápidamente, registrar más de una dirección, realizar seguimiento de sus pedidos y más."
"Credit Card Information","Información de Tarjeta de Crédito"
"Credit Card Number","Número de Tarjeta de Crédito"
"Credit Card Type","Tipo de tarjeta de crédito"
"Current Password","Contraseña Actual"
"Customer Information","Información del Cliente"
"Customer Reviews","Reseñas del Cliente"
"Customize %1","Personalizar %1"
"Customize and Add to Cart","Personalizar y Añadir a la Cesta"
"Date","Fecha"
"Default Addresses","Direcciones Predeterminadas"
"Default Billing","Facturación Predeterminada"
"Default Billing Address","Dirección de Facturación Predeterminada"
"Default Shipping","Envío Predeterminado"
"Default Shipping Address","Dirección de Envío Predeterminada"
"Delete","Borrar"
"Delete Address","Borrar Dirección"
"Delete Wish List","Borrar Lista de Deseos"
"Delivered on:","Entregado en:"
"Description","Descripción"
"Details","Detalles"
"Discount Amount","Monto de Descuento"
"Don't see what you're looking for?","¿No ve lo que busca?"
"edit","editar"
"Edit","Editar"
"Edit Account Information","Editar Información de la Cuenta"
"Edit Address","Editar Dirección"
"Edit item parameters","Editar detalles del artículo"
"Edit Items","Editar Artículos"
"Edit item","Editar Artículo"
"Edit Payment Information","Editar Información de Pago"
"Edit Shipping Address","Editar Dirección de Envío"
"Edit Shopping Cart","Editar Cesta de Comprar"
"Edit Wish List","Editar Lista de Deseos"
"Edit Your Cart","Editar Cesta"
"Email","Correo Electrónico"
"Email Address","Dirección de Correo Electrónico"
"Email addresses, separated by commas","Direcciones de correo electrónico, separadas por comas"
"Email to a Friend","Enviar a un Amigo"
"email us at ","Envíanos un correo electrónico a"
"Email:","Correo Electrónico:"
"Empty","Vaciar"
"ending","finalizando"
"Enter a New Address","Introduzca una Nueva Dirección"
"Enter discount code","Introduzca bono de descuento"
"Enter Email","Introduzca correo electrónico"
"Enter your email address","Introduzca dirección de correo electrónico"
"Error:","Error:"
"Estimate Shipping and Tax","Envío e Impuestos estimados"
"Estimate Tax","Impuestos estimados"
"Estimated Total","Total"
"Excl. Tax","Sin Impuestos"
"Expiration Date","Fecha de vencimiento"
"Fax","Fax"
"File","Archivo"
"Final Price","Precio Final"
"Find Order By","Buscar Orden Por"
"First Name","Nombre"
"For delivery questions.","Contactaremos con este número de teléfono para cualquier consulta en relación al envío de su pedido. Si aparece una cruz de color rojo, esto significa que su número de teléfono no es válido, rogamos vuelva a introducirlo."
"For the best experience on our site, be sure to turn on Javascript in your browser.","Para una mejor experiencia en nuestra web, asegúrese de activar Javascript en su navegador."
"For the best experience on our site, be sure to turn on Local Storage in your browser.","Para una mejor experiencia en nuestra web, asegúrese de activar Local Storage en su navegador."
"Forgot an Item?","¿Se le Olvidó un Artículo?"
"Forgot your account password? Click <a href=""%reset_url"">here</a> to reset it.","Si ha olvidado su contraseña, haga clic <a href=""%reset_url"">aquí</a> para restablecerla para restablecerla."
"Forgot Your Password?","¿Olvidó su contraseña?"
"From:","De:"
"Gender","Género"
"General Subscription","Suscripción General"
"Gift Message","Mensaje de Regalo"
"Gift Message for This Order","Mensaje de Regalo Para Este Pedido"
"Go back","Volver"
"Go back to product details","Volver a información del producto"
"Go to Checkout","Ir a Gestionar Pedido"
"Go to Review Your Order","Ir a Revisar su Pedido"
"Go to Shipping Information","Ir a Información de Envío"
"Go to Wish List","Ir a Lista de Pedidos"
"Go Today","Ir a Hoy"
"Grand Total Excl. Tax","Total sin Impuestos"
"Grand Total Incl. Tax","Total con Impuestos"
"Grand Total:","Total:"
"Grand Total","Total"
"Group","Grupo"
"Grouped product items","Productos Agrupados"
"Guest checkout is disabled.","Gestionar pedido como invitado esta desactivado"
"Hello,","Hola,"
"Help Us Keep Magento Healthy","Ayúdenos a mantener Magento sano"
"here","aquí"
"Hour","Hora"
"If you believe it is the right one you can ignore this notice.","Si cree que es el correcto, puede ignorar esta notificación."
"If you did not make this request, you can ignore this email and your password will remain the same.","Si no ha solicitado este cambio, ignore este mensaje y su contraseña permanecerá igual."
"If you have an account, sign in with your email address.","Si tiene una cuenta, inicie sesión con su dirección de correo electrónico."
"If you have not authorized this action, please contact us immediately at <a href=""mailto:%store_email"">%store_email</a>","Si no ha autorizado esta acción, le rogamos ponerse en contacto con nosotros inmediatamente al correo electrónico <a href=""mailto:%store_email"">%store_email</a>"
"If you have questions about your order, you can email us at <a href=""mailto:%store_email"">%store_email</a>","Si tiene preguntas sobre su compra, puede ponerse en contacto con nosotros al correo electrónico <a href=""mailto:%store_email"">%store_email</a>"
"If you requested this change, set a new password here:","Si ha solicitado este cambio, le rogamos introduzca su nueva contraseña aquí:"
"In stock","En Stock"
"In stock alert! We wanted you to know that these products are now available:","¡Alerta de stock! Queríamos informarle que estos productos ya están disponibles:"
"Incl. Tax","Incluye Impuestos"
"Incorrect credit card expiration month.","Mes de vencimiento incorrecto de la tarjeta de crédito."
"Incorrect credit card expiration year.","Año de vencimiento incorrecto de la tarjeta de crédito."
"Info:","Info:"
"Invite your friends by entering their email addresses","Invite a sus amigos escribiendo sus direcciones de correo electrónico"
"Invitee","Invitado"
"Invoice #","Recibo #"
"Invoice for your %store_name order","Recibo de su pedido %store_name"
"Invoices","Recibos"
"It's a default billing address.","Es una dirección de facturación predeterminada."
"It's a default shipping address.","Es una dirección de envío predeterminada."
"Item","Artículo"
"item","artículo"
"Item in Cart","Artículo en Cesta"
"items","artículos"
"Items","Artículos"
"Items %1 to %2 of %3 total","Artículo %1 a %2 de %3 total"
"Items %1-%2 of %3","Artículos %1-%2 de %3"
"Items in Cart","Artículos en Cesta"
"Items in Your Shopping Cart","Artículos en su Cesta de Compra"
"Items Invoiced","Artículos Facturados"
"Items Ordered","Artículos Ordenados"
"Items Refunded","Artículos Devueltos"
"Items Shipped","Artículos Enviados"
"JavaScript seems to be disabled in your browser.","JavaScript parece estar deshabilitado en su navegador."
"Jot us a note and weâ€™ll get back to you as quickly as possible.","Envíenos un mensaje y nos pondremos en contacto con usted lo antes posible."
"label","etiqueta"
"Last Added Items","Últimos Artículos Añadidos"
"Last Name","Apellido"
"Last Ordered Items","Últimos Artículos Comprados"
"Learn More","Saber Más"
"Loading...","Cargando..."
"Local Storage seems to be disabled in your browser.","Local Storage parece estar deshabilitado en su navegador."
"Local Time","Hora Local"
"Location","Ubicación"
"Login","Iniciar Sesión"
"Make Check payable to","Hacer Cheque Pagable a"
"Make Check payable to:","Hacer Cheque Pagable a:"
"Manage Addresses","Administrar Direcciones"
"Maximum %1 email addresses allowed.","Máximo %1 direcciones de correo electrónico permitidas."
"Maximum image height","Altura máxima de la imagen"
"Maximum image width","Ancho máximo de la imagen"
"Maximum number of characters:","Número máximo de caracteres:"
"Medium","Medio"
"Menu","Menú"
"Message","Mensaje"
"Message from %customer_name:","Mensaje de %customer_name:"
"Message from %sender_name:","Mensaje de %sender_name:"
"Message:","Mensaje:"
"Method Title","Método de Envío"
"Minute","Minuto"
"Modify your search.","Modifique su búsqueda."
"More Choices:","Más Opciones:"
"More Information","Más Información"
"Move Selected to Wish List","Mover la Selección a la Lista de Deseos"
"Move to Wish List","Mover a Lista de Deseos"
"Move to Wishlist","Mover a Lista de Deseos"
"My Account","Mi Cuenta"
"My billing and shipping address are the same","Mi dirección de facturación y envío son las mismas"
"My Cart","Su Cesta"
"My Dashboard","Mi Panel de Control"
"My Invitations","Mis Invitaciones"
"My Orders","Mis Pedidos"
"My Recent Reviews","Mis Reseñas"
"My Wish Lists","Mis Listas de Deseos"
"N/A","N/A"
"name","nombre"
"Name","Nombre"
"New Address","Nueva Dirección"
"New Billing Agreement","Nuevo Acuerdo de Pago"
"New Customers","Nuevo Cliente"
"New Password","Nueva Contraseña"
"New Products","Nuevos Productos"
"Newsletter subscription confirmation","Confirmación de suscripción a newsletter"
"Newsletter subscription success","Confirmación de suscripción a newsletter exitosa"
"Newsletter Subscriptions","Suscripciones a Newsletters"
"Newsletter unsubscription success","Cancelación de la suscripción a newsletter exitosa"
"Newsletters","Newsletters"
"Next","Siguiente"
"Nickname","Nombre"
"No options of this product are available.","No hay opciones disponibles para este producto."
"No Password","Sin Contraseña"
"No Payment method available.","No hay método de pago disponible."
"No shipping information available","No hay información de envío disponible"
"None","Ninguno"
"none","ninguno"
"Not yet calculated","Todavía no se ha calculado"
"Notify me when the price drops","Avisarme cuando baja el precio"
"Notify me when this product is in stock","Avisarme cuando este producto esté disponible"
"Now Shopping by","Ahora comprando por"
"Once your package ships we will send an email with a link to track your order.","Una vez que su paquete haya sido enviado, le enviaremos un correo electrónico con un enlace para rastrear su pedido."
"Once your package ships we will send you a tracking number.","Una vez que su pedido haya sido despachado le proporcionaremos un código de seguimiento."
"Only %1 left","Sólo %1 disponible"
"Only registered users can write reviews. Please <a href=""%1"">Sign in</a> or <a href=""%2"">create an account</a>","Sólo los clientes registrados pueden escribir opiniones. Por favor <a href=""%1"">Inicie Sesión</a> o <a href=""%2"">Cree una cuenta</a>"
"Options Details","Detalles de las Opciones"
"or","o"
"or call us at <a href=""tel:%store_phone"">%store_phone</a>"," o vía telefónica al <a href=""tel:%store_phone"">%store_phone</a>"
"Order #","Pedido #"
"Order by SKU","Ordenar for Ref"
"Order ID","Identificación del Pedido"
"Order Information","Información del Pedido"
"Order Review","Revisión del Pedido"
"Order Shipments","Envíos del Pedido"
"Order Status","Estado del Pedido"
"Order Summary","Resumen del Pedido"
"Order Total","Total del Pedido"
"Order Total Excl. Tax","Total del Pedido sin Impuestos"
"Order Total Incl. Tax","Total del Pedido con Impuestos"
"Order total will be displayed before you submit the order","El total del pedido se mostrará antes de confirmar el pedido"
"Order tracking","Seguimiento del Pedido"
"Ordered","Ordenado"
"Orders","Pedidos"
"Orders and Returns","Pedidos y Devoluciones"
"Other items in your order","Otros artículos en su pedido"
"Our hours are <span class=""no-link"">%store_hours</span>.","Nuestro horario de apertura es de <span class=""no-link"">%store_hours</span>."
"Out of stock","Agotado"
"Overview","Vista General"
"Owner","Cliente"
"Owner Email","Correo electrónico del Cliente"
"Page","Página"
"Password","Contraseña"
"Password forgotten","Contraseña olvidada"
"Password Strength","Seguridad de la contraseña"
"Password you set when creating account","Contraseña establecida al crear la cuenta"
"Password:","Contraseña:"
"Payment","Pago"
"Payment Information","Información de Pago"
"Payment Method","Método de Pago"
"Payment Method:","Método de Pago:"
"Payment was canceled","El Pago ha sido cancelado"
"PayPal Account","Cuenta PayPal"
"per page","por página"
"Personal Information","Información Personal"
"Phone Number","Número de Teléfono"
"Place Order","Realizar Pedido"
"Placed on <span class=""no-link"">%created_at</span>","Realizado en  <span class=""no-link"">%created_at</span>"
"Please ","Por Favor"
"Please accept this invitation to join %store_name.","Por favor acepte esta invitación para unirse a %store_name."
"Please choose a payment method.","Elija un método de pago."
"Please click ","Por favor haga clic"
"Please confirm your %store_name account","Por favor confirme su cuenta %store_name"
"Please do not refresh the page until you complete payment.","Por favor no actualice la página hasta que el pago haya sido completado."
"Please enter a valid credit card number.","Por favor, introduzca un número válido de tarjeta de crédito."
"Please enter a valid credit card type number.","Por favor, introduzca un tipo válido de tarjeta de crédito."
"Please enter a valid credit card verification number.","Por favor, introduzca un número de verificación válido de tarjeta de crédito."
"Please enter at least two letters.","Por favor, introduzca al menos dos letras."
"Please enter your email address below to receive a password reset link.","Por favor, introduzca su dirección de correo electrónico para recibir un enlace de restablecimiento de contraseña."
"Please enter your email below and we will send you the confirmation link.","Por favor, introduzca su dirección de correo electrónico y le enviaremos un enlace de confirmación."
"Please select a region, state or province.","Por favor, seleccione una región, estado o provincia."
"Please select a shipping address for applicable items.","Por favor, seleccione una dirección de envío para los artículos"
"Please select a shipping method...","Por favor, seleccione un método de envío..."
"Please select items to copy.","Por favor, seleccione los elementos que desea copiar."
"Please select items to move.","Por favor, seleccione los elementos que desea mover."
"Please type the letters below","Por favor, escriba las siguientes letras"
"Please update order data to get shipping methods and rates","Por favor, actualice los datos del pedido para obtener los métodos y tarifas de envío"
"Please use the following link to create an account and view the deals:","Por favor, utilice el siguiente enlace para crear una cuenta y ver las ofertas:"
"Posted on","Publicada el"
"Prev","Ant."
"Previous","Anterior"
"Price","Precio"
"Price change alert! We wanted you to know that prices have changed for these products:","¡Alerta de cambio de precio! Queríamos informarle que los precios de los siguientes productos han cambiado:"
"Price:","Precio:"
"Print All Invoices","Imprimir Todos los Recibos"
"Print All Refunds","Imprimir Todas las Devoluciones"
"Print All Shipments","Imprimir Todos los Envíos"
"Print Invoice","Imprimir Recibo"
"Print Order","Imprimir Pedido"
"Print Refund","Imprimir Devolución"
"Print Shipment","Imprimir Envío"
"Print This Page","Imprimir Esta Página"
"Private Wish List","Lista de Deseos Privada"
"Proceed through checkout faster","Tramitar sus pedidos de manera más rápida"
"Proceed to Checkout","Ir a Gestión de Pedido"
"Product","Producto"
"Product availability","Disponibilidad de Producto"
"Product Details and Comment","Detalles del Producto y Comentarios"
"Product Info","Información del Producto"
"Product Name","Nombre del Producto"
"Product Rating","Valoración del Producto"
"Product Rating:","Valoración del Producto:"
"Product Review (submitted on %1):","Reseña del Producto (publicada el %1):"
"Product Reviews","Reseñas del Producto"
"Products back in stock alert","Alerta de productos de regreso en stock"
"Products price changed alert","Alerta de cambios en el precio de productos"
"Products Requiring Attention","Productos que requieren atención"
"Provided Zip/Postal Code seems to be invalid.","El código postal es inválido."
"Public Wish List","Lista de Deseos Pública"
"Purchase Order Number","Número de Orden de Compra"
"px.","px."
"Qty","UDS"
"Qty:","UDS:"
"Qty Invoiced","UDS Facturada"
"Qty Shipped","UDS Enviada"
"Quantity","Cantidad"
"Rating","Valoración"
"Ratings Review Summary","Resumen de las Valoraciones"
"Recent Orders","Pedidos Recientes"
"Recently added item(s)","Productos añadidos recientemente"
"Recently Compared","Comparados Recientemente"
"Recently Ordered","Ordenados Recientemente"
"Recently Viewed","Vistos Recientemente"
"Reference ID","Número de Referencia"
"Reference ID:","Número de Referencia:"
"Refund #","Devolución #"
"Refund #%1","Devolución #%1"
"Refunded","Devueltos"
"Refunded to Store Credit","Devuelto al crédito de la tienda"
"Refunds","Devoluciones"
"Registered Customers","Clientes Registrados"
"Regular Price","Precio Normal"
"Related Orders","Pedidos Relacionados"
"Related Products","Productos Relacionados"
"Reload captcha","Volver a cargar captcha"
"Remember Me","Recuérdame"
"Remove","Eliminar"
"Remove All","Eliminar Todo"
"Remove item","Eliminar Artículo"
"Remove Product","Eliminar Producto"
"Remove Recipent","Eliminar destinatario"
"Remove Row","Eliminar Fila"
"Remove This Item","Eliminar Este Artículo"
"Reorder","Reordenar"
"Report All Bugs","Reportar Todos los Errores"
"Required Fields","Campos Obligatorios"
"Reset","Reiniciar"
"Reset My Password","Restablecer Mi Contraseña"
"Reset your %store_name password","Restablecer mi contraseña %store_name"
"Review","Reseña"
"Review & Payments","Revisar y Pagar"
"Review by","Reseña de"
"Review Details","Revisar Detalles"
"Review Order","Revisar Pedido"
"Reviews","Reseñas"
"Row Total","Total de la fila"
"Save","Guardar"
"Save Address","Guardar Dirección"
"Save credit card information for future use.","Guardar la información de la tarjeta de crédito para uso futuro."
"Save in address book","Guardar en el directorio"
"Search","Buscar"
"Search By","Buscar por"
"Search entire store here...","Busca en todo el sitio aquí..."
"Search Options","Opciones de Búsqueda"
"Search Results","Resultados de Búsqueda"
"Search Settings","Configuración de Búsqueda"
"Search Terms","Términos de Búsqueda"
"See Details","Ver Detalles"
"See order and shipping status","Ver pedido y estado del envío"
"See our Shipping Policy","Ver Nuestra Política de Envíos"
"See price before order confirmation.","Ver precio antes de la confirmación del pedido."
"See terms","Ver términos"
"Select a new payment method","Seleccionar un nuevo método de pago"
"Select Address","Seleccionar dirección"
"select all","Seleccionar todo"
"Select all","Seleccionar todo"
"Select Method","Seleccionar Método"
"Select Shipping Method","Seleccionar Método de Envío"
"Send Check to","Enviar cheque a"
"Send Check to:","Enviar cheque a:"
"Send confirmation link","Enviar enlace de confirmación"
"Send Email","Enviar correo electrónico"
"Send Invitations","Enviar Invitaciones"
"Send To","Enviar a"
"Send Welcome Email From","Enviar correo electrónico de bienvenida de"
"Sender","Remitente"
"Set a New Password","Establecer una contraseña nueva"
"Set Ascending Direction","Orden Ascendente"
"Set Descending Direction","Orden Descendente"
"Settings","Configuración"
"Share Wish List","Compartir Lista de Deseos"
"Sharing Information","Compartiendo información"
"Ship Here","Enviar aquí"
"Ship To","Enviar a"
"Ship to Multiple Addresses","Enviar a Direcciones Múltiples"
"Ship To:","Enviar a:"
"Shipment #","Envío #"
"Shipment #%1","Envío #%1"
"Shipped","Enviado"
"Shipped By","Enviado Por"
"Shipping","Envío"
"Shipping Address","Dirección de Envío"
"Shipping Info","Información de Envío"
"Shipping Information","Información de Envío"
"Shipping is not applicable.","El envío no es válido."
"Shipping Method","Método de Envío"
"Shipping Method:","Método de Envío:"
"Shipping Methods","Métodos de Envío"
"Shipping To","Enviado a"
"Shop By","Comprar por"
"Shopping Cart Items","Artículos de la cesta"
"Shopping Options","Opciones de compra"
"Show","Mostrar"
"Sign a billing agreement to streamline further purchases  with PayPal.","Escoja un acuerdo de pago para compras rápidas con PayPal."
"Sign a billing agreement to streamline further purchases with PayPal.","Escoja un acuerdo de pago para compras rápidas con PayPal."
"Sign In","Iniciar Sesión"
"Sign Up for Newsletter","Suscribirse a newsletter"
"Sign Up for Our Newsletter:","Suscribirse a nuestra newsletter"
"Sign-in Information","Información de Inicio de Sesión"
"Skip to Content","Saltar al Contenido"
"Sku","Ref"
"SKU","Ref"
"Sorry, no quotes are available for this order at this time","Lo sentimos, no hay estimaciones disponibles para este pedido"
"Sorry, no quotes are available for this order right now.","Lo sentimos, no hay estimaciones disponibles para este pedido"
"Sorry, something went wrong.","Lo sentimos, algo salio mal."
"Sorry, something went wrong. Please try again later.","Lo sentimos, algo salio mal. Por favor, inténtelo de nuevo más tarde."
"Sort By","Ordenar por"
"Special Price","Precio Especial"
"Starting at","A partir de"
"State/Province","Estado/Provincia"
"Status","Estado"
"Status:","Estado:"
"Store alternative addresses (for shipping to multiple family members and friends)","Registrar direcciones alternativas (para envíos a familiares y amigos)"
"Store credit","Crédito de la tienda"
"Store credit available","Crédito de la tienda disponible"
"Store Credit update","Actualización de crédito de la tienda"
"Stored Payment Methods","Métodos de pago almacenados"
"Street Address","Calle"
"Street Address %1","Calle %1"
"Strong","Fuerte"
"Submit","Enviar"
"Submit Review","Enviar Reseña"
"Submitted on %1","Enviada el %1"
"Submitting order information...","Enviando información de pedido ..."
"Subscribe","Suscribirse"
"Subscription option","Opción de suscripción"
"Subtotal","Subtotal"
"Subtotal (Excl. Tax)","Subtotal (sin Impuestos)"
"Subtotal (Incl. Tax)","Subtotal (con Impuestos)"
"Summary","Resumen"
"Take a look at %customer_name's Wish List","Echele un vistazo a la Lista de Deseos de %customer_name's"
"Tax","IVA"
"Tax/VAT number","Número de IVA"
"Thank you for confirming your %store_name account.","Gracias por confirmar su cuenta de %store_name"
"Thank you for subscribing to our newsletter.","Gracias por suscribirse a nuestra newsletter"
"Thank you for your order from %store_name.","Muchas gracias por su compra en %store_name."
"Thank you for your purchase!","¡Gracias por su compra!"
"Thanks for your order. We'll email you order details and tracking information.","Gracias por su pedido. Le enviaremos por correo electrónico los detalles del pedido y la información de seguimiento."
"Thanks,<br>%store_name","Gracias,<br>%store_name"
"There are no billing agreements yet.","No hay acuerdos de pago."
"There are no search terms available.","No hay términos de búsqueda disponibles."
"There are no sent invitations.","No hay invitaciones enviadas."
"There is no tracking available for this shipment.","No hay seguimiento disponible para este envío."
"There is no tracking available.","No hay seguimiento disponible."
"There was recently a request to change the password for your account.","Hemos recibido una solicitud para cambiar la contraseña de su cuenta."
"This is demo store. No orders will be fulfilled.","Esta es la tienda de demostración. No puede procesar pedidos."
"This is your default billing address.","Esta es su dirección de facturación predeterminada."
"This is your default shipping address.","Esta es su dirección de envío predeterminada."
"This Wish List has no Items","Esta Lista de Deseos no tiene productos"
"Time","Hora"
"To","a"
"To begin receiving the newsletter, you must first confirm your subscription by clicking on the following link:","Para comenzar a recibir nuestra newsletter, primero debe confirmar su suscripción haciendo clic en el siguiente enlace:"
"To comply with the new e-Privacy directive, we need to ask for your consent to set the cookies.","Para cumplir con la nueva directiva sobre respeto de la intimidad y comunicaciones electrónicas, le pedimos acepte nuestras cookies. "
"To sign in to our site and set a password, click on the <a href=""%create_password_url"">link</a>:","Para iniciar sesión en nuestro sitio y establecer una contraseña, haga clic en el <a href=""%create_password_url"">enlace siguiente</a>:"
"To sign in to our site, use these credentials during checkout or on the <a href=""%customer_url"">My Account</a> page:","Utilice las siguientes credenciales para iniciar sesión en nuestro sitio, durante el proceso de pago o en la sección <a href=""%customer_url"">Mi Cuenta</a>:"
"To:","Para:"
"Toggle Nav","Toggle Nav"
"Total","Total"
"Total Incl. Tax","Total con IVA"
"Track history","Historial de seguimiento"
"Track order history","Historial de seguimiento de pedidos"
"Track this shipment","Seguimiento de este envío"
"Track:","Seguimiento:"
"Tracking information is currently not available. Please ","Información de seguimiento no disponible. Por favor"
"Tracking Number","Número de Seguimiento"
"Tracking Number:","Número de Seguimiento:"
"Tracking Number(s):","Número(s) de Seguimiento:"
"Type","Tipo"
"Unit Price","Precio Unitario"
"unselect all","deseleccionar todo"
"Unsubscribe from all price alerts","Anular la suscripción a todas las alertas de precios"
"Unsubscribe from all stock alerts","Anular la suscripción a todas las alertas de stock"
"Update","Actualizar"
"Update Cart","Actualizar Cesta"
"Update Qty &amp; Addresses","Actualizar UDS y Direcciones"
"Update Shipping Method","Actualizar Método de Envío"
"Update Shopping Cart","Actualizar Cesta de Compra"
"Update to your %store_name credit memo","Actualizar su nota de crédito %store_name"
"Update to your %store_name invoice","Actualizar su recibo %store_name"
"Update to your %store_name order","Actualizar su pedido %store_name"
"Update to your %store_name shipment","Actualizar su envío %store_name"
"Update Wish List","Actualizar Lista de Deseos"
"Updated","Actualizado"
"Updated At","Actualizado en"
"Updated:","Actualizado:"
"Use as my default billing address","Utilizar como mi dirección de facturación predeterminada"
"Use as my default shipping address","Utilizar como mi dirección de envío predeterminada"
"VAT Number","Número de IVA"
"VAT Number:","Número de IVA:"
"VAT number","Número de IVA"
"VAT Number is valid.","Su número de IVA es válido."
"Please enter a valid VAT number.","Rogamos introduzca un número de IVA válido."
"Your VAT ID was successfully validated.","Su número de IVA ha sido validado "
"You will be charged tax.","Su pedido estará sujeto a la tasa de IVA."
"You will not be charged tax.","Su pedido no estará sujeto a la tasa de IVA."
"The VAT ID entered (%1) is not a valid VAT ID.","El número de IVA introducido (%1) no es un número de IVA válido."
"Your Tax ID cannot be validated.","Su número de IVA no ha podido ser validado."
"If you believe this is an error, please contact us at %1","Si cree que hay un error, rogamos nos contacte %1"
"Very Strong","Muy Fuerte"
"View","Ver"
"View All","Ver Todo"
"View all Wish List items","Ver todos los artículos de la Lista de Deseos"
"View as","Ver como"
"View Details","Ver Detalles"
"View Order","Ver Pedido"
"View past orders","Ver pedidos anteriores"
"View Product","Ver Producto"
"We can't complete your order because you don't have a payment method set up.","No podemos completar su pedido porque no tiene un método de pago establecido."
"We can't create the Wish List right now.","En este momento no podemos crear la Lista de Deseos."
"We can't find any items matching these search criteria.","No hemos encontrado ningún elemento que coincida con estos criterios de búsqueda."
"We can't find products matching the selection.","No podemos encontrar productos que coincidan con la selección."
"We found other products you might like!","¡Hemos encontrado otros productos que le puedan gustar!"
"We have received a request to change the following information associated with your account at %store_name: email, password.","Hemos recibido una solicitud para cambiar la siguiente información asociada a su cuenta en %store_name: correo electrónico, contraseña."
"We have received a request to change the following information associated with your account at %store_name: email.","Hemos recibido una solicitud para cambiar la siguiente información asociada a su cuenta en %store_name: correo electrónico."
"We have received a request to change the following information associated with your account at %store_name: password.","Hemos recibido una solicitud para cambiar la siguiente información asociada a su cuenta en %store_name: contraseña."
"We have updated your <a href=""%store_url"">%store_name</a> account and you have credit that you can use for future purchases.","Hemos actualizado su cuenta <a href=""%store_url"">%store_name</a> y ahora tiene un crédito que podra utilizar en su próxima compra."
"We received your order!","¡Hemos recibido su pedido!"
"We use cookies to make your experience better.","Utilizamos cookies para brindarle una mejor experiencia."
"We'll ask for your payment details before you place an order.","Le pediremos su información de pago antes de confirmar el pedido."
"We'll email you an order confirmation with details and tracking info.","Le enviaremos por correo electrónico la confirmación del pedido con los detalles y la información de seguimiento."
"We'll send your order confirmation here.","Enviaremos la confirmación del pedido a esta dirección de correo electrónico. Si aparece una cruz de color rojo, esto significa que su dirección de correo electrónico no es válida, rogamos vuelva a introducirla."
"Weak","Débil"
"Welcome to %store_name","Bienvenido a %store_name"
"Welcome to %store_name.","Bienvenido a %store_name."
"Welcome, %1!","¡Bienvenido, %1!"
"Welcome, %name","Bienvenido, %name"
"What is PayPal?","¿Qué es PayPal?"
"What is this?","¿Qué es esto?"
"What's this?","¿Qué es esto?"
"Whatâ€™s on your mind?","¿En qué podemos ayudarle?"
"When you sign in to your account, you will be able to:","Al iniciar sesión en su cuenta, podrá:"
"Wish List","Lista de Deseos"
"Wish List is empty now.","La Lista de Deseos está vacía."
"Wish List Items","Artículos en la Lista de Deseos."
"Wish List Name","Nombre de la Lista de Deseos"
"Wish List Search","Búsqueda de Lista de Deseos"
"Wishlist","Lista de Deseos"
"WK","Sem"
"Write Us","Escríbanos"
"Write Your Own Review","Escriba su propia reseña"
"You already have an account with us. Sign in or continue as guest.","Ya tiene una cuenta con nosotros. Inicie sesión o continúe como invitado."
"You are signed out","Ha finalizado sesión"
"You can check the status of your order by <a href=""%account_url"">logging into your account</a>.","Si desea consultar el estado de su pedido, le rogamos lo haga a través de su <a href=""%account_url"">cuenta.</a>"
"You can create an account after checkout.","Puede crear una cuenta después de haber gestionado su pedido."
"You can track your order status by creating an account.","Puede consultar el seguimiento de su pedido creando una cuenta. "
"You cannot send more invitations","No puede enviar más invitaciones."
"You don't subscribe to our newsletter.","No está suscrito a nuestro boletín."
"You have been successfully subscribed to our newsletter.","Se ha suscrito correctamente a nuestra newsletter."
"You have been unsubscribed from the newsletter.","Se ha cancelado su suscripción a la newsletter."
"You have no default billing address in your address book.","No tiene ninguna dirección de facturación predeterminada en su libreta de direcciones."
"You have no default shipping address in your address book.","No tiene ninguna dirección de envío predeterminada en su libreta de direcciones."
"You have no items in your shopping cart.","No tiene artículos en su cesta de compra."
"You have no items in your wish list.","No tiene artículos en su lista de deseos."
"You have no items to compare.","No tiene artículos para comparar."
"You have no other address entries in your address book.","No tiene ninguna otra dirección en su libreta de direcciones."
"You have no stored payment methods.","No tiene métodos de pago registrados."
"You have placed no orders.","No ha realizado ningún pedido."
"You have signed out and will go to our homepage in 5 seconds.","Ha finalizado sesión y será redirigido a nuestra página de inicio en 5 segundos."
"You have submitted no reviews.","No ha enviado reseñas."
"You must confirm your %customer_email email before you can sign in (link is only valid once):","Debe confirmar su correo electrónico %customer_email antes de iniciar sesión (enlace válido sólo una vez):"
"You must select items to add to the cart.","Debe seleccionar los artículos que desea añadir a la cesta."
"You subscribe to ""General Subscription"".","Está suscrito a ""Suscripción General""."
"You will be redirected to the payment system website.","Será redirigido al sitio web del método de pago."
"You will be redirected to the PayPal website when you place an order.","Será redirigido al sitio web de PayPal al gestionar su pedido."
"You will be redirected to the PayPal website.","Será redirigido al sitio web de PayPal."
"You will be redirected to the Worldpay website.","Será redirigido al sitio web de Worldpay."
"You will be required to enter your payment details after you place an order.","Se le pedirá que ingrese su información de pago al gestionar gestionar un pedido."
"You will see the order total before you submit the order.","Verá el total del pedido antes de confirmar el pedido."
"You're currently reading page","Está leyendo la página"
"You're reviewing:","Está escribiendo una reseña de:"
"Your %store_name email and password has been changed","Su correo electrónico y contraseña %store_name han sido cambiados"
"Your %store_name email has been changed","Su correo electrónico %store_name ha sido cambiado"
"Your %store_name order confirmation","Su confirmación de pedido %store_name"
"Your %store_name order has shipped","Su pedido %store_name ha sido enviado"
"Your %store_name password has been changed","Su contraseña %store_name ha sido cambiada"
"Your balance is:","Su saldo es:"
"Your billing agreement # is: ","Su acuerdo de pago # es: "
"Your credit card will be charged for","El cargo en su tarjeta de crédito será de"
"Your Credit Memo #%creditmemo_id for Order #%order_id","Su nota de crédito #%creditmemo_id del pedido #%order_id"
"Your Customization","Su Personalización"
"Your Invoice #%invoice_id for Order #%order_id","Su Recibo #%invoice_id del Pedido #%order_id"
"Your order # is: <span>%1</span>.","Su pedido # es: <span>%1</span>."
"Your order #%increment_id has been updated with a status of <strong>%order_status</strong>.","Su pedido #%increment_id ha sido actualizado con estado de <strong>%order_status</strong>."
"Your Order <span class=""no-link"">#%increment_id</span>","Su pedido <span class=""no-link"">#%increment_id</span>"
"Your order number is: ","Su número de pedido es: "
"Your order number is: %1.","Su número de pedido es: %1."
"Your order numbers are: ","Sus números de pedido son: "
"Your order #%order_id","Su pedido #%order_id"
"Your payment has been successfully processed by our shop system.","Su pago ha sido procesado correctamente por nuestro sistema."
"Your Rating","Su Valoración"
"Your Review","Su Reseña"
"Your search returned no results.","Su búsqueda no produjo resultados."
"Your Shipment #%shipment_id for Order #%order_id","Su envío #%shipment_id del pedido #%order_id"
"Your shipping confirmation is below. Thank you again for your business.","Encuentre a continuación la confirmación de envío de su pedido:"
"Your Store Credit balance is now %balance.","Su crédito disponible es %balance."
"ZIP Code","Código Postal"
"Zip/Postal Code","Código Postal"
"Continue to ","Continuar a "
"Use Saved Card","Utilizar tarjeta guardada"
"Save this card","Guardar esta tarjeta"
"Place Order","Gestionar Pedido"
"Swift Code","Código Swift"
"Continue to Giropay","Continuar a Giropay"
"Bank Code","Código del Banco"
"Continue to iDeal","Continuar a iDeal"
"Continue to PayPal","Continuar a PayPal"
"My Saved Cards","Mis Tarjetas Guardadas"
"You added %1 to your shopping cart.","Ha añadido %1 a su cesta de compra."
"We don't have as many ""%1"" as you requested.","No tenemos disponible la cantidad solicitada de ""%1""."
"Full Description","Descripción Completa"
"Rate this product","Valore este producto"
"You submitted your review for moderation.","Ha enviado su reseña para aprobación."
"Please select one of each of the ratings above.","Por favor elija una de las siguientes puntuaciones."
"This is a required field.","Este es un campo obligatorio."
"Shopping Cart","Cesta de Compra"
" Cart ","CESTA"
"This Item","Este artículo"
"You will Need","Extras"
"We recommend the following essential products","También le pueden interesar los siguientes productos"
"We recommend the following essential products:","También le pueden interesar los siguientes productos:"
"You will receive an order confirmation email with details of your order and a link to track its progress.","Recibirá un correo electrónico de confirmación con los detalles del pedido y el enlace para realizar el seguimiento."
"Delivery & Returns","Envios & Devoluciones"
"Our 128-bit encryption keeps your personal data secure and secure.","Utilizamos tecnología de encriptación de 128 bits para asegurar mantener su pedido e información de pago seguros."
"Sign Out","Finalizar Sesión"
"Customer Login","Iniciar Sesión"
"Invalid login or password.","Nombre de usuario o contraseña incorrectos."
"More Info","Detalles"
"Similar Products","Productos Similares"
"Are you sure you would like to remove this item from the shopping cart?","¿Está seguro que desea eliminar este artículo de su cesta de compra?"
"Please enter a valid email address (Ex: johndoe@domain.com).","Rogamos introduzca una dirección de correo electrónico válida (e.j: juanmoreno@domain.com)."
"Minimum length of this field must be equal or greater than %1 symbols. Leading and trailing spaces will be ignored.","La longitud mínima de este campo debe ser igual o mayor a %1 símbolos. Los espacios iniciales y finales se omitirán."
"Please enter the same value again.","Rogamos vuelva a introducir la misma información"
"Minimum of different classes of characters in password is %1. Classes of characters: Lower Case, Upper Case, Digits, Special Characters.","El mínimo de distintas clases de caracteres en una contraseña es de %1. Tipos de caracteres : minúsculas, mayúsculas, dígitos, caracteres especiales."
"Please enter only digits.","Por favor use solamente dígitos."
"Please enter a valid credit card number.","Rogamos introduzca un número de tarjeta de crédito válido."
"%1 and above","%1 y más"
"Position","Por defecto"
"Click <a href=""%1"" onclick=""this.target='_blank'"" class=""print"">here</a> to print a copy of your order confirmation","Haga clic <a href=""%1"" onclick=""this.target='_blank'"" class=""print"">aquí</a> para imprimir una copia de su confirmación de pedido"
" Thank you for your purchase! ","Su pedido ha sido recibido."
"Fast Delivery","Entrega Rápida"
"Pending","Pendiente"
"Back to My Orders","Volver a mis pedidos"
"Social","Socialles"
"Top Tips","Nuestros consejos"
"Read our Top Tips","Lea nuestros consejos"
"Thank you for registering with %1.","Gracias por registrarse con nosotros."
"Thank you, %store_name","Gracias, %store_name"
"Shipping & Handling","Gastos de envío"
"You saved the account information.","Ha guardado la información de su cuenta"
"If there is an account associated with %1 you will receive an email with a link to reset your password.","Si tenemos una cuenta asociada con %1 recibirá un correo electrónico con el enlace para restituir su contraseña."
"There is already an account with this email address. If you are sure that it is your email address, <a href=""%1"">click here</a> to get your password and access your account.","Ya existe una cuenta con en esta dirección de correo electrónico. Si está seguro de que es su dirección de correo electrónico, , <a href=""%1"">Haga clic aquí</a>para recibir su contraseña y acceder a su cuenta."
"Thank you for your subscription.","Gracias por su suscripción."
"To avoid your Junk or Spam folder, please add ","Para evitar que este mensaje sea enviado a su carpeta de correo no deseado, por favor agregue "
" to your contacts."," a sus contactos."
"Dear Customer,","Estimado Cliente,"
"Thank you for your request to subscribe to our newsletters and special offers from ","Le agradecemos su solicitud de suscripción a nuestras newsletters y boletín de ofertas especiales de "
"To ensure that you receive our newsletters and special offers in your Inbox you need to mark our email address as safe, so it does not automatically go into your Spam or Junk folder. Instructions on how to do this for the most popular email applications are provided below.","Para asegurarse de recibir nuestros mensajes en su bandeja de entrada, le rogamos marcar nuestra dirección de correo electrónico como segura y evitar así que nuestros mensajes sean enviados a su carpeta de correos no deseados. Puede encontrar a continuación, las instrucciones de cómo realizar esta acción en los servicios de mensajería electrónica más populares:"
"Open the email we sent you and click the Mark as Safe link at the top.","Abra el correo electrónico que le hemos enviado, haga clic en el enlace 'Marcar como seguro' ubicado en la parte superior del mensaje."
"Yahoo Mail & Google Mail","Yahoo! y Google Mail"
"Open the email we sent you and click the Not Spam button if there is one.","Abra el correo electrónico que le hemos enviado, haga clic en el botón de 'No Spam'."
"Open the email we sent you and in the toolbar area at the top of the window select Safe Lists and then Add Sender’s Domain to Safe Senders List.","Abra el correo electrónico que le hemos enviado. Ubique la barra de herramientas en la parte superior de la ventana y seleccione 'Listas Seguras' seguido de 'Añadir esta dirección a la lista de remitentes seguros'."
"Windows Mail","Correo de Windows"
"Go to the Tools menu and then select Junk E-mail Options. Select the Safe Senders tab and add ","Diríjase al menú de herramientas y luego seleccione 'Opciones de correo electrónico no deseado'. A continuación, seleccione la pestaña 'remitentes seguros' y agregue "
" to the Safe Senders list."," a la lista."
"Thank you for subscribing. We hope you finding our mailings useful and informative. However, should you wish to unsubscribe at any time, simply click the unsubscribe link that can be found at the bottom of any of our newsletters.","Muchas Gracias por suscribirse. Esperamos que nuestros mensajes le sean útiles e informativos. Si por alguna razón, desea darse de baja, simplemente haga clic en el enlace de cancelación de suscripción que se encuentra ubicado en la parte inferior de todas nuestras newsletters."
"We are sorry to hear you no longer wish to receive the newsletter. Your newsletter unsubscription has been successful.","Lamentamos que no desee seguir recibiendo nuestras newsletters y boletines de ofertas especiales. Su cancelación de suscripción ha sido exitosa."
"Carrier with such method not found:","No hay opciones disponibles con el método de envío seleccionado:"
"Home","Inicio"
"Search results for: '%1'","Resultados de búsqueda para: '%1'"
"Related search terms","Búsquedas relacionadas"
"Did you mean","Quizás quiso decir"
"The most you may purchase is %1.","Puede seleccionar una cantidad máxima de %1."
"You need to choose options for your item.","Necesita seleccionar una de las opciones para su producto"
"Forgot Your Password","Olvidó su contraseña"
"Discount","Descuento"
"Your Order","Su Pedido"
"Your order","Su pedido"
"You updated your password.","Ha actualizado su contraseña."
"The coupon code has been accepted.","El bono de descuento ha sido aceptado."
"The coupon code ""%1"" is not valid.","El bono de descuento ""%1"" no es válido."
"Coupon code is not valid.","El bono de descuento no es válido."
"Coupon code is not valid","El bono de descuento no es válido"
"You used coupon code ""%1"".","Ha utilizado el bono de descuento ""%1""."
"You saved the address.","Ha guardado su dirección."
"We\'re unable to send the password reset email.","No hemos podido enviarle el correo electrónico para restablecer su contraseña."
"Too many password reset requests. Please wait and try again or contact %1.","Ha solicitado restablecer su contraseña demasiadas veces. Por favor inténtelo más tarde o contacte %1."
"Payer Email","Correo electrónico del pagador"
"Payer ID","Número de identificación del pagador"
"Payer Status","Estado del pagador"
"Payer Address ID","Dirección del Pagador"
"Payer Address Status","Estado de la dirección del pagador"
"Some of the products are out of stock.","Algunos productos están agotados."
"This product is out of stock.","Este producto está agotado."
"Your password reset link has expired.","El vínculo parea restablecer su contraseña ha caducado."
"Please select an option.","Por favor seleccione una opción"
"Your shopping cart has been updated with new prices.","Se han actualizado los precios en su cesta de compra."
"This email address is already assigned to another user.","Esta dirección de correo electrónico ya está asignada a otro usuario."
"There was a problem with the subscription: %1","Ha ocurrido un problema con su suscripción"
"Something went wrong with the subscription.","Algo ha fallado en su suscripción."
"You unsubscribed.","Ha cancelado su suscripción."
"Something went wrong while unsubscribing you.","Ha ocurrido un problema al intentar cancelar su suscripción."
"Bank Transfer Payment","Transferencia Bancaria"
"PayPal Express Checkout Token does not exist.","Gestión rápida del pedido con Paypal no disponible."
"Discount (%1)","Descuento (%1)"
"We removed the subscription.","Hemos cancelado la suscripción."
"We saved the subscription.","Hemos guardado la suscripción."
"You canceled the coupon code.","Ha eliminado el bono de descuento de su cesta."
"Your coupon was successfully applied.","El bono de descuento ha sido aplicado."
"Your coupon was successfully removed.","El bono de descuento ha sido eliminado."
"Cancel coupon","Eliminar el bono de descuento"
"%1 was updated in your shopping cart.","%1 ha sido actualizado en su cesta."
"Create New Customer Account","Crear una nueva cuenta de cliente"
"Express Checkout has been canceled.","Express Checkout anulado."
"Go to Basket", "Ver mi cesta"
"The account is locked. Please wait and try again or contact %1.","Su cuenta ha sido bloqueada. Rogamos espere 10 minutos y vuelta a intentarlo de nuevo."
"About Your Shipment","Detalles Sobre Su Entrega"
"A customer with the same email already exists in an associated website.","Es posible que ya haya creado una cuenta con esta dirección de correo electrónico."
" Example: "," Ejemplo: "
"The password doesn\'t match this account.","La contraseña no corresponde a la contraseña de esta cuenta."
"Your Invoice for Order #%order_id","Su Recibo del Pedido #%order_id"
"Invoice for Order #%order_id","Recibo del Pedido #%order_id"
"If you are a registered VAT customer, please <a href=""%1"">click here</a> to enter your billing address for proper VAT calculation.","Si dispone de un número de IVA Intracomunitario, rogamos haga <a href=""%1"">clic aquí</a> para introducir su dirección de facturación para que podamos proceder con el cálculo del IVA."
"You will not be charged tax. <a href=""%1"">Continue</a> with your order.","y su pedido será procesado exento de IVA. Rogamos <a href=""%1"">proceda</a> con su pedido."
"You will be charged tax. <a href=""%1"">Continue</a> with your order.","Su pedido será procesado con IVA incluido. Rogamos <a href=""%1"">proceda</a> con su pedido."
"The VAT deduction will be shown on the next stage.","Podrá ver la detracción del IVA en el próximo paso."
"<a href=""%1"">Read our policy</a>.","Rogamos lea nuestra <a href=""%1"">Política de Cookies</a> para más."
"Our website uses cookies to give you the best experience of our site.","Esta web utiliza 'Cookies' para ofrecerle una mejor experiencia y servicio."
"By using this site, you agree to the use of cookies.","Al continuar con la navegación entendemos que acepta y consiente el uso de estas Cookies."
"I agree","SÍ, ACEPTO"
"Valves not included","Llaves no incluidas"
"Which Valves do I need?","¿Qué tipo de llaves necesito?"
"Go to Home Page","Ir a la página de inicio"
"Item was added to your basket","Artículo agregado a su cesta"
"Basket contains","Su cesta contiene"
"Options: ","Opciones: "
"Delivery Cost","Gastos de Envío"