"View and edit cart","Visualizzare ed editare carrello"
" for more information or "," per maggiori informazioni "
" if you are not redirected automatically."," se non sei stato reindirizzato automaticamente."
"-- Please Select --","Ti preghiamo di selezionare"
"-- Please Select Billing Agreement--","Ti preghiamo di scegliere"
"--Please Select--","Ti preghiamo di scegliere"
"(Excl. Tax)","IVA esclusa"
"(Incl. Tax)","IVA inclusa"
"* Required Fields","* Campi obbligatori"
"%1 has been added to your Wish List.","%1 Aggiunto alla Wishlist"
"%1 is available to buy in increments of %2","%1 disponibile in confezioni da %2"
"%1 Item","%1 Articolo"
"%1 Item(s)","%1 Articolo (i)"
"%1 Items","%1 Articoli"
"%1 items","%1 Articoli"
"%1 Review(s)","%1 Recensione (i)"
"%customer_name wants to share this Wish List from %store_name with you:","%customer_name desidera condividere una Whislist %store_name con te:"
"%sender_name wants to share this product with you:","%sender_name desidera condividere questo prodotto con te:"
"%store_name offers limited time sales of products only to members.","%store_name offre unicamente a membri offerte esclusive per tempo limitato."
"<a href=""%1"" onclick=""this.target='_blank'"" class=""print"">Print receipt</a>","<a href=""%1"" onclick=""this.target='_blank'"" class=""print"">Clicca qui per stampare una copia della conferma dell'ordine</a>"
"<a href=""%1"">Learn more</a>.","<a href=""%1"">Maggiori dettagli</a>."
"<span class=""label"">Order Date:</span> %1","<span class=""label"">Data dell'ordine:</span> %1"
"<strong>%1 item</strong> were found using the following search criteria","<strong>%1 risultati</strong> abbiamo trovato I seguenti risultati per la tua ricerca"
"<strong>%1 items</strong> were found using the following search criteria","<strong>%1 risultati</strong> abbiamo trovato I seguenti risultati per la tua ricerca"
"<strong>Attention</strong>: Captcha is case sensitive.","<strong>Attenzione</strong>: Il Captcha è case sensitive"
"A letter with further instructions will be sent to your email.","Ti invieremo una mail con maggiori informazioni."
"About the calendar","Calendario"
"About Your Order","In merito al tuo ordine"
"Account","Account"
"Account Dashboard","Dashboard dell'Account"
"Account Information","Informazioni sull'account"
"Action","Azionare"
"Actions","Azioni"
"Actual Price","Prezzo Attuale"
"Add","Aggiungere"
"Add All to Cart","Aggiungere al carrello"
"Add Invitee","n/a"
"Add New Address","Aggiungere un nuovo indirizzo"
"Add Row","Aggiungere colonna"
"  Add to Cart  ","Aggiungere al carrello"
"Add to Cart","Carrello"
"Add to Compare","Aggiungere per comparare"
"Add to Wish List","Aggiungere alla Wishlist"
"Add to:","Aggiungere a:"
"Add Your Review","Scrive la tua recensione"
"Added","Aggiunto"
"Adding...","Aggiungendo..."
"Additional Address Entries","Indirizzi di consegna addizionali"
"Additional Options","Opzioni supplementari"
"Address","Indirizzo"
"Address %1 <span>of %2</span>","Indirizzo %1 <span>of %2</span>"
"Address Book","Rubrica"
"Address Information","Informazione sull'indirizzo"
"Addresses","Indirizzi"
"Advanced Search","Ricerca avanzata"
"Agreement Information","Informazioni sull'accordo"
"Allow Cookies","Consentire i Cookie"
"An error occurred on the server. Please try to place the order again.","Si è verificato un errore sul server. Prova ad effettuare nuovamente l'ordine."
"Apply Discount","Applicare lo sconto"
"Apply Discount Code","Applicare il buono sconto"
"Are you sure you want to delete this address?","Sei sicuro di voler cancellare questo indirizzo?"
"Are you sure you want to delete this item?","Sei sicuro di voler cancellare questo articolo?"
"Are you sure you want to delete your wish list? This action can't be undone.","Sei sicuro di voler cancellare questo articolo della tua Wishlist?"
"Are you sure you want to do this?","Sei sicuro di voler procedere con questa azione?"
"As low as","Da un prezzo di appena"
"Attention: Captcha is case sensitive.","Attenzione: il Captcha è case sensitive."
"Availability","Disponibilità"
"Availability:","Disponibilità:"
"available","disponibile"
"Average Customer Rating","Valutazione Media dei Clienti"
"Average Customer Rating:","Valutazione Media dei Clienti:"
"Back","Torna indietro"
"Back to Billing Agreements","Tornare indietro al contratto di fatturazione"
"Back to Billing Information","Informazioni di fatturazione"
"Back to Invitations","n/a"
"Back to Main Product Info","Ritornare alla Pagina Principale di Prodotti"
"Back to My Reviews","Tornare alle Mie Recensioni"
"Back to Product Reviews","Tornare alle Recensioni dei Prodotti"
"Back to Select Addresses","Torna a Selezionare un Indirizzo"
"Back to Shipping Information","Torna a Informazioni di consegna"
"Back to Shopping Cart","Torna al Carrello"
"Back to Sign In","Torna all'Account"
"Balance","Saldo"
"Balance Change","Saldo Modificato"
"Balance History","Rimborsi processati"
"Be the first to review this product","Sii il primo a recensire questo prodotto"
"Billing Address","Indirizzo legale"
"Billing Agreement","Contratto di fatturazione"
"Billing Agreement # ","Contratto di fatturazione # "
"Billing Agreements","Contratti di fatturazione"
"Billing Info","Informazioni di fatturazione"
"Billing Information","Informazioni di fatturazione"
"Billing Last Name","Cognome del Titolare dell’Indirizzo Legale"
"Billing ZIP Code","CAP di fatturazione"
"Buy %1 for %2 each","Acquista %1 con %2 l'unità"
"Buy %1 for %2 each and <strong class=""benefit"">save<span class=""percent tier-%3"">&nbsp;%4</span>%</strong>","Acquista %1 per %2 e <strong class=""benefit"">salva<span class=""percent tier-%3"">&nbsp;%4</span>%</strong>"
"Buy %1 for: ","Acquista %1 per: "
"Buy %1 with %2 discount each","Acquista %1 con %2 sconto ognuno"
"Buy now with PayPal","Acquista ora con PayPal"
"Cancel","Cancellare"
"Cancel Coupon","Cancellare buono sconto"
"Canceled","Cancellato"
"Card Number","Numero di Carta"
"Card Verification Number","Numero verifica carta"
"Card Verification Number Visual Reference","Verifica del numero di carta"
"Carrier Title","Nome del trasportatore"
"Carrier:","Trasportatore:"
"Cart Subtotal","Subtotale del carrello"
"Catalog Advanced Search","Ricerca avanzata del catalogo"
"Category","Categoria"
"Change","Modificare"
"Change Billing Address","Modificare l'indirizzo di fatturazione"
"Change Email","Modificare l'indirizzo di posta elettronica"
"Change Email and Password","Modificare l'indirizzo di posta elettronica e la password"
"Change Password","Reimpostare la password"
"Change Shipping Address","Modificare l'indirizzo di consegna"
"Check 'Remember Me' to access your shopping cart on this computer even if you are not signed in.","Seleziona 'Ricordami' per accedere al tuo carrello su questo PC anche se non hai fatto il login."
"Check &quot;Remember Me&quot; to access your shopping cart on this computer even if you are not signed in.","Seleziona&quot; Ricordami&quot; Per accedere al tuo carrello su questo PC senza fare il login."
"Check here to link an RSS feed to your Wish List.","N/A"
"Check items to add to the cart or","Controlla gli articoli da aggiungere al carrello o"
"Check out faster","Fare il checkout più veloce"
"Check Out with Multiple Addresses","Fare il checkout con diversi indirizzi"
"Check the status of orders","Controllare lo stato degli ordini"
"Checkout out as a new customer","Fare l'acquisto come nuovo cliente"
"Checkout out using your account","Acquista usando il tuo account"
"Checkout with PayPal","Fare il checkout con Paypal"
"Choose a selection...","Selezionare una opzione..."
"Choose an Option...","Selezionare una opzione..."
"City","Città"
"Clear All","Cancella tutto"
"Clear Shopping Cart","Svuota il carrello"
"Click <a href=""%1"">here</a> to continue shopping.","Clicca<a href=""%1"">qui</a> per continuare l'acquisto."
"Click for price","Clicca qui per visualizzare il prezzo"
"Click here to stop alerts for this product.","Clicca qui per disattivare le notifiche per questo prodotto."
"Close","Chiudere"
"Close Window","Chiudere la finestra"
"Comment","Commentario"
"Company","Ditta"
"Company Registration Number:","Numero di registrazione:"
"Compare","Comparare"
"Compare Products","Comparare prodotti"
"Confirm New Password","Confermare la nuova password"
"Confirm Password","Confermare la password"
"Confirm Your Account","Confermare l'Account"
"Contact Information","Informazioni di contatto"
"Contact Us","Contattaci"
"contact us","contattaci"
"Contact","Contattaci"
"Continue","Continuare"
"Continue Shopping","Continuare l'acquisto"
"continue shopping","Continuare l'acquisto"
"Continue to Billing Information","Continuare a informazioni di fatturazione"
"Continue to PayPal","Continuare a Paypal"
"Continue to Worldpay","Continuare a Worlpay"
"Copy Selected to Wish List","Copiare la Selezione alla Wishlist"
"Copy to Wish List","Copiare alla Wishlist"
"Country","Paese"
"Create an Account","Creare un Account"
"Create Billing Address","Creare un indirizzo legale"
"Create New Wish List","Creare una Wishlist"
"Create Shipping Address","Creare Indirizzo di Consegna"
"Create...","Creare..."
"Created","Creato"
"Created At","Creato a"
"Created:","Creato:"
"Creating an account has many benefits:","Creare un conto presenta numerosi vantaggi:"
"Creating an account has many benefits: check out faster, keep more than one address, track orders and more.","Creare un account ha molti vantaggi: checkout veloce, salvare più di un indirizzo, controllare gli ordini i e molto altro ancora."
"Credit Card Information","Informazioni di carta di credito"
"Credit Card Number","Numero di carta di credito"
"Credit Card Type","Tipo di carta di credito"
"Current Password","Password attuale"
"Customer Information","Informazioni relative ai Clienti"
"Customer Reviews","Recensioni dei Clienti"
"Customize %1","Personalizza %1"
"Customize and Add to Cart","Personalizza e aggiungi al carrello"
"Date","Data"
"Default Addresses","Indirizzo Predefinito"
"Default Billing","Fatturazione Predefinita"
"Default Billing Address","Indirizzo di Fatturazione Predeterminata"
"Default Shipping","Consegna Predeterminata"
"Default Shipping Address","Indirizzo di Consegna Predeterminata"
"Delete","Cancellare"
"Delete Address","Cancellare l'Indirizzo"
"Delete Wish List","Cancellare Wishlist"
"Delivered on:","Consegnato:"
"Description","Descrizione"
"Details","Dettagli"
"Discount Amount","Importo dello Sconto"
"Don't see what you're looking for?","Stai cercando qualcosa che non si vede qui?"
"edit","modificare"
"Edit","Modificare"
"Edit Account Information","Modificare le informazioni riguardo il tuo Account"
"Edit Address","Modificare l'indirizzo"
"Edit item parameters","Modificare i parametri dell'articolo"
"Edit Items","Modificare Articoli"
"Edit item","Modificare Articoli"
"Edit Payment Information","Modificare le Informazioni relative al pagamento"
"Edit Shipping Address","Modificare l'Indirizzo di Consegna"
"Edit Shopping Cart","Modificare il Carrello"
"Edit Wish List","Modificare Wishlist"
"Edit Your Cart","Modificare il carrello"
"Email","Indirizzo di Posta Elettronica"
"Email Address","Indirizzo di Posta Elettronica"
"Email addresses, separated by commas","Indirizzi di posta elettronica, separati da virgole"
"Email to a Friend","Mandare una email a un amico"
"email us at ","Inviaci una mail "
"Email:","Indirizzo di posta elettronica:"
"Empty","Svuotare"
"ending","finalizzando"
"Enter a New Address","Inserisci un nuovo indirizzo"
"Enter discount code","Inserisci il buono sconto"
"Enter Email","Inserisci email"
"Enter your email address","Inserisci il tuo indirizzo email"
"Error:","Errore:"
"Estimate Shipping and Tax","IVA e costi di spedizioni stimati"
"Estimate Tax","IVA (valore stimato)"
"Estimated Total","Totale"
"Excl. Tax","IVA esclusa"
"Expiration Date","Data di scadenza"
"Fax","Fax"
"File","n/a"
"Final Price","Prezzo finale"
"Find Order By","Trovare Ordine per"
"First Name","Nome"
"For delivery questions.","Telefoneremmo questo numero per qualsiasi domanda in merito alla consegna. Se appare una X rossa, questo significa che il numero inserito non è valido. Ti preghiamo di reinserirlo."
"For the best experience on our site, be sure to turn on Javascript in your browser.","Per che tu possa avere la migliore esperienza sul nostro sito, attiva Javascript nel tuo browser."
"For the best experience on our site, be sure to turn on Local Storage in your browser.","Per che tu possa avere la migliore esperienza sul nostro sito, attiva Local Storage nel tuo browser."
"Forgot an Item?","Hai dimenticato un articolo?"
"Forgot your account password? Click <a href=""%reset_url"">here</a> to reset it.","Hai dimenticato la tua password? Clicca su <a href=""%reset_url""> qui </a> per reimpostarla."
"Forgot Your Password?","Hai dimenticato la password?"
"From:","Da:"
"Gender","Genere"
"General Subscription","Iscrizione generale"
"Gift Message","Messaggio al destinatario"
"Gift Message for This Order","Messaggio per questo regalo"
"Go back","Tornare indietro"
"Go back to product details","Tornare alle informazioni del prodotto"
"Go to Checkout","Andare al Checkout"
"Go to Review Your Order","Verificare il tuo ordine"
"Go to Shipping Information","Visualizzare le informazioni di consegna"
"Go to Wish List","Visualizzare Wishlist"
"Go Today","Spedire oggi"
"Grand Total Excl. Tax","Totale IVA esclusa"
"Grand Total Incl. Tax","Totale IVA inclusa"
"Grand Total:","Totale:"
"Grand Total","Totale"
"Group","Aggruppare"
"Grouped product items","Articoli aggruppati"
"Guest checkout is disabled.","n/a"
"Hello,","Salve,"
"Help Us Keep Magento Healthy","Aiutaci a mantenere Magento in salute"
"here","qui"
"Hour","ora"
"If you believe it is the right one you can ignore this notice.","Se pensi che è quello giusto ti preghiamo di ignorare questa notifica."
"If you did not make this request, you can ignore this email and your password will remain the same.","Se non hai effettuatto questa richiesta, ti preghiamo di ignorare questa email. La tua password resterà uguale."
"If you have an account, sign in with your email address.","Se hai un account, puoi accedere con il tuo indirizzo email."
"If you have not authorized this action, please contact us immediately at <a href=""mailto:%store_email"">%store_email</a>","Se non hai autorizzato questa azione, ti preghiamo di contattarci immediatamente a <a href=""mailto:%store_email"">%store_email</a>"
"If you have questions about your order, you can email us at <a href=""mailto:%store_email"">%store_email</a>","Se hai qualche domanda in merito al tuo ordine, ti preghiamo di contattarci tramite email <a href=""mailto:%store_email"">%store_email</a>"
"If you requested this change, set a new password here:","Se hai richiesta la seguente modifica, ti preghiamo di inserire la nuova password qui:"
"In stock","Disponibile"
"In stock alert! We wanted you to know that these products are now available:","Allerta di stock! Volevamo informati che I seguenti proddotti sono già disponibili:"
"Incl. Tax","IVA inclusa"
"Incorrect credit card expiration month.","Mese di scadenza della carta di credito non valido."
"Incorrect credit card expiration year.","Anno di scadenza della carta di credito non valido."
"Info:","Informazioni:"
"Invite your friends by entering their email addresses","Puoi invitare i tuoi amici inserendo le loro email"
"Invitee","Invitato"
"Invoice #","Fattura #"
"Invoice for your %store_name order","Fattura per il tuo ordine %store_name"
"Invoices","Fatture"
"It's a default billing address.","Questo è un indirizzo di fatturazione primario."
"It's a default shipping address.","Questo è' un indirizzo di consegna primario."
"Item","Articolo"
"item","articolo"
"Item in Cart","Articolo aggiunto al carrello"
"items","articoli"
"Items","Articoli"
"Items %1 to %2 of %3 total","Articoli %1 a %2 da %3 totale"
"Items %1-%2 of %3","Articoli %1-%2 da %3"
"Items in Cart","Articoli nel carrello"
"Items in Your Shopping Cart","Articoli nel tuo carrello"
"Items Invoiced","Articoli Fatturati"
"Items Ordered","Articoli ordinati"
"Items Refunded","Articoli Rimborsati"
"Items Shipped","Articoli spediti"
"JavaScript seems to be disabled in your browser.","JavaScript sembra essere disabilitato nel tuo browser."
"Jot us a note and we’ll get back to you as quickly as possible.","Inviaci un messaggio e ti risponderemmo al più presto possibile."
"label","etichetta"
"Last Added Items","Ultimi articoli aggiunti"
"Last Name","Cognome"
"Last Ordered Items","Ultimi Articoli Ordinati"
"Learn More","Scopri di più "
"Loading...","Caricando..."
"Local Storage seems to be disabled in your browser.","Local Storage disattivato nel tuo computer."
"Local Time","Ora Locale"
"Location","Ubicazione"
"Login","Fare il Login"
"Make Check payable to","Rendere l'assegno pagabile a"
"Make Check payable to:","Rendere l'assegno pagabile a:"
"Manage Addresses","Gestione di Indirizzi"
"Maximum %1 email addresses allowed.","Indirizzi permessi massimo %1."
"Maximum image height","Altezza massima dell'immagine"
"Maximum image width","Larghezza massima dell'immagine"
"Maximum number of characters:","Numero massimo di caratteri:"
"Medium","Medio"
"Menu","Menu"
"Message","Messaggio"
"Message from %customer_name:","Messaggio da %customer_name:"
"Message from %sender_name:","Messaggio da %sender_name:"
"Message:","Messaggio:"
"Method Title","Modalità di Spedizione"
"Minute","Minuto"
"Modify your search.","Modificare la ricerca."
"More Choices:","Più selezioni:"
"More Information","Più Informazioni"
"Move Selected to Wish List","Spostare gli Articoli Selezionati alla Wishlist"
"Move to Wish List","Spostare alla Wishlist"
"Move to Wishlist","Spostare alla Wishlist"
"My Account","Il Mio Account"
"My billing and shipping address are the same","Il mio indirizzo legale e indirizzo di consegna sono uguali"
"My Cart","Carrello"
"My Dashboard","Il Mio Dashboard"
"My Invitations","I Miei Inviti"
"My Orders","I Miei Ordini"
"My Recent Reviews","Le Mie Recensioni"
"My Wish Lists","Le Mie Recensioni Più Recenti "
"N/A","Le Mie Wishlists"
"name","nome"
"Name","Nome"
"New Address","Nuovo Indirizzo"
"New Billing Agreement","Nuovo Contratto di Fatturazione"
"New Customers","Nuovi Clienti"
"New Password","Nuova Password"
"New Products","Nuovi Prodotti"
"Newsletter subscription confirmation","Conferma di Iscrizione alla Newsletter"
"Newsletter subscription success","La Iscrizione alla Newsletter è stata eseguita con successo"
"Newsletter Subscriptions","Iscrizione alla Newsletter"
"Newsletter unsubscription success","La Disattivazione della Iscrizione alla Newsletter è stata eseguita con successo"
"Newsletters","Newsletter"
"Next","Seguente"
"Nickname","Nome"
"No options of this product are available.","Opzioni per questo prodotto non disponibili."
"No Password","Nessuna password"
"No Payment method available.","Metodi di pagamento non disponibili."
"No shipping information available","Informazioni di spedizione non disponibili "
"None","Nessuno"
"none","nessuno"
"Not yet calculated","Non ancora calcolato"
"Notify me when the price drops","Avvisami se il prezzo scende"
"Notify me when this product is in stock","Avvisami quando questo prodotto sia disponibile di nuovo"
"Now Shopping by","Adesso acquistando per"
"Once your package ships we will send an email with a link to track your order.","Una volta inviato l'ordine ti invieremo una mail di conferma con un link per rintracciare il tuo ordine."
"Once your package ships we will send you a tracking number.","Una volta inviato l'ordine ti invieremo una mail con il link per rintracciare l'ordine."
"Only %1 left","Rimane unicamente %1 disponibile"
"Only registered users can write reviews. Please <a href=""%1"">Sign in</a> or <a href=""%2"">create an account</a>","Solo gli utenti registrati possono scrivere recensioni. <a href=""%1"">Accedi</a> o <a href=""%2"">crea un account</a>"
"Options Details","Dettagli sulle Opzioni"
"or","o"
"or call us at <a href=""tel:%store_phone"">%store_phone</a>","oppure chiamateci a <a href=""tel:%store_phone"">%store_phone</a>"
"Order #","Ordine #"
"Order by SKU","Ordinare per riferimento del prodotto"
"Order ID","Numero dell'ordine"
"Order Information","Informazioni sull'Ordine"
"Order Review","Verificare l'Ordine"
"Order Shipments","Spedizione dell'Ordine"
"Order Status","Stato dell'Ordine"
"Order Summary","Riepilogo dell'Ordine"
"Order Total","Totale dell'Ordine"
"Order Total Excl. Tax","Totale dell'Ordine con IVA esclusa"
"Order Total Incl. Tax","Totale dell'Ordine con IVA inclusa"
"Order total will be displayed before you submit the order","Il totale dell'ordine viene presentato prima di confermare l'ordine"
"Order tracking","Rintracciamento"
"Ordered","Ordinato"
"Orders","Ordini"
"Orders and Returns","Ordini e Resi"
"Other items in your order","Articoli addizionali nell'ordine"
"Our hours are <span class=""no-link"">%store_hours</span>.","I nostri orari di apertura sono<span class=""no-link"">%store_hours</span>."
"Out of stock","Esaurito"
"Overview","Panoramica dell'account"
"Owner","Cliente"
"Owner Email","Email del Cliente"
"Page","Pagina"
"Password","Password"
"Password forgotten","Password dimenticata"
"Password Strength","Sicurezza della password"
"Password you set when creating account","Password impostata durante la creazione dell'account"
"Password:","Password:"
"Payment","Pagamento"
"Payment Information","Informazioni sul pagamento"
"Payment Method","Metodo di pagamento"
"Payment Method:","Metodo di pagamento:"
"Payment was canceled","Il pagamento è stato annullato"
"PayPal Account","Account Paypal"
"per page","per pagina"
"Personal Information","Informazioni Personali"
"Phone Number","Numero di telefono"
"Place Order","Processare ordine"
"Placed on <span class=""no-link"">%created_at</span>","Ordinato il <span class=""no-link"">%created_at</span>"
"Please ","Ti preghiamo di "
"Please accept this invitation to join %store_name.","N/A"
"Please choose a payment method.","Ti preghiamo di scegliere un metodo di pagamento."
"Please click ","Ti preghiamo di cliccare "
"Please confirm your %store_name account","Ti preghiamo di confermare il tuo %store_name account"
"Please do not refresh the page until you complete payment.","Ti preghiamo di non aggiornare la pagina finché non ti avremo comunicato che il pagamento è stato eseguito."
"Please enter a valid credit card number.","Ti preghiamo di inserire un numero di carta di credito valido."
"Please enter a valid credit card type number.","Ti preghiamo di inserire un tipo di carta di credito valido."
"Please enter a valid credit card verification number.","Ti preghiamo di inserire un numero CVV valido."
"Please enter at least two letters.","Inserisci almeno due caratteri."
"Please enter your email address below to receive a password reset link.","Ti preghiamo di inserire un indirizzo email sotto per ricevere il link per reimpostazione la tua password."
"Please enter your email below and we will send you the confirmation link.","Ti preghiamo di inserire un indirizzo email per ricevere il link di conferma"
"Please select a region, state or province.","Ti preghiamo di selezionare un comune, regione o provincia."
"Please select a shipping address for applicable items.","Ti preghiamo di selezionare un indirizzo di consegna per gli articoli scelti"
"Please select a shipping method...","Ti preghiamo di scegliere un tipo di spedizione..."
"Please select items to copy.","Ti preghiamo di selezionare gli elementi da copiare."
"Please select items to move.","Ti preghiamo di selezionare gli articoli per spostargli."
"Please type the letters below","Ti preghiamo di scrivere i seguenti caratteri"
"Please update order data to get shipping methods and rates","Ti preghiamo di aggiornare l'ordine al fine di ottenere le modalità e costi di spedizione"
"Please use the following link to create an account and view the deals:","Ti preghiamo di cliccare sul seguente link per creare un account e accedere alle nostre offerte:"
"Posted on","Pubblicato il"
"Prev","Precedente"
"Previous","Precedente"
"Price","Prezzo"
"Price change alert! We wanted you to know that prices have changed for these products:","Notifica! Avviso di cambiamento del prezzo! Vogliamo informarti che i prezzi dei seguenti articoli hanno subito un cambio:"
"Price:","Prezzo:"
"Print All Invoices","Stampare Tutte le Fatture"
"Print All Refunds","Stampare Tutti i Rimborsi"
"Print All Shipments","Stampare Tutte le Spedizioni"
"Print Invoice","Stampare la Fattura"
"Print Order","Stampare l'Ordine"
"Print Refund","Stampare il Rimborso"
"Print Shipment","Stampare la Spedizione"
"Print This Page","Stampare questa Pagina"
"Private Wish List","Wishlist Privata"
"Proceed through checkout faster","Procedere con il Checkout più velocemente"
"Proceed to Checkout","Procedi con il Checkout"
"Product","Articolo"
"Product availability","Disponibilità dell'articolo"
"Product Details and Comment","Dettaglio dell'Articolo e Valutazioni"
"Product Info","Informazioni sull'Articolo"
"Product Name","Nome dell'Articolo"
"Product Rating","Valutazione dell' Articolo"
"Product Rating:","Valutazione dell'Articolo"
"Product Review (submitted on %1):","Valutazione (fatta il %1):"
"Product Reviews","Valutazioni del Prodotto"
"Products back in stock alert","Notifica: Prodotto di Nuovo Disponibile"
"Products price changed alert","Notifica: Il prezzo dei prodotti ha subito un cambiamento"
"Products Requiring Attention","Prodotti che Richiedono Attenzione"
"Provided Zip/Postal Code seems to be invalid.","CAP non valido."
"Public Wish List","Wishlist pubblica"
"Purchase Order Number","Numero dell'ordine d'acquisto"
"px.","px"
"Qty","Qtà."
"Qty:","Qtà:"
"Qty Invoiced","Quantità fatturata"
"Qty Shipped","Quantità spedita"
"Quantity","Quantità"
"Rating","Valutazione"
"Ratings Review Summary","Valutazioni e Recensioni"
"Recent Orders","Ordini Recenti"
"Recently added item(s)","Articoli aggiunti recentemente"
"Recently Compared","Recentemente Comparati"
"Recently Ordered","Recentemente Ordinati"
"Recently Viewed","Recentemente Visualizzati"
"Reference ID","ID di riferimento"
"Reference ID:","ID di riferimento:"
"Refund #","Rimborso #"
"Refund #%1","Rimborso #%1"
"Refunded","Rimborsato"
"Refunded to Store Credit","Metodo di rimborso: Nota di Credito"
"Refunds","Rimborsi"
"Registered Customers","Clienti Registrati"
"Regular Price","Prezzo Base"
"Related Orders","Ordini Correlati"
"Related Products","Prodotti Correlati"
"Reload captcha","Ricarica l'immagine Captcha"
"Remember Me","Ricordami"
"Remove","Cancellare"
"Remove All","Cancella Tutto"
"Remove item","Cancella Articolo"
"Remove Product","Cancella Prodotto"
"Remove Recipent","Cancella Destinatario"
"Remove Row","Cancella Fila"
"Remove This Item","Cancella Questo Articolo"
"Reorder","Riordina"
"Report All Bugs","Segnala Tutti gli Errori"
"Required Fields","Campi obbligatori"
"Reset","Resettare"
"Reset My Password","Reimpostare la mia password"
"Reset your %store_name password","Reimpostare la mia password %store_name"
"Review","Recensione"
"Review & Payments","Verificare e Pagare"
"Review by","Verificare per"
"Review Details","Verificare le Informazioni"
"Review Order","Verificare l'Ordine"
"Reviews","Valutazioni"
"Row Total","Totale"
"Save","Salvare"
"Save Address","Salvare l'Indirizzo"
"Save credit card information for future use.","Salvare le informazioni di pagamento per la prossima volta."
"Save in address book","Salvare nella rubrica"
"Search","Ricerca"
"Search By","Ricerca per"
"Search entire store here...","Ricerca nel catalogo completo..."
"Search Options","Opzioni di Ricerca"
"Search Results","Risultati della Ricerca"
"Search Settings","Impostazioni di ricerca"
"Search Terms","Termini di ricerca"
"See Details","Guarda i dettagli"
"See order and shipping status","Controlla lo stato dell'ordine e spedizione"
"See our Shipping Policy","Vedi la nostra Politica sulle Spedizioni"
"See price before order confirmation.","Vedi il prezzo prima di confermare l'Ordine."
"See terms","Vedi le Condizioni Generali di Vendita"
"Select a new payment method","Seleziona un nuovo metodo di pagamento"
"Select Address","Seleziona un indirizzo"
"select all","Seleziona tutto"
"Select all","Seleziona tutto"
"Select Method","Seleziona il Metodo"
"Select Shipping Method","Seleziona il Metodo di Spedizione"
"Send Check to","n/a"
"Send Check to:","n/a"
"Send confirmation link","Inviare link di conferma"
"Send Email","Inviare una mail"
"Send Invitations","Inviare inviti"
"Send To","Inviare a"
"Send Welcome Email From","Invia il messaggio di benvenuto da"
"Sender","Mittente"
"Set a New Password","Imposta una nuova password"
"Set Ascending Direction","Ordinare i risultati in ordine crescente"
"Set Descending Direction","Ordinare i risultati in ordine decrescente"
"Settings","Impostazioni"
"Share Wish List","Condividi la tua Wishlist"
"Sharing Information","Condividere informazioni"
"Ship Here","Spedire qui"
"Ship To","Spedire a"
"Ship to Multiple Addresses","Spedire ad altri indirizzi"
"Ship To:","Spedire a:"
"Shipment #","Spedizione #"
"Shipment #%1","Spedizione #%1"
"Shipped","Spedito"
"Shipped By","Spedito da"
"Shipping","Spedizione"
"Shipping Address","Indirizzo di spedizione"
"Shipping Info","Informazioni di spedizione"
"Shipping Information","Informazioni di spedizione"
"Shipping is not applicable.","Metodo di spedizione non disponibile."
"Shipping Method","Metodo di spedizione"
"Shipping Method:","Metodo di spedizione:"
"Shipping Methods","Metodi di spedizione"
"Shipping To","Spedizione a"
"Shop By","Acquista per"
"Shopping Cart Items","Articoli nel tuo carrello"
"Shopping Options","Opzioni dello shopping"
"Show","Mostrare"
"Sign a billing agreement to streamline further purchases  with PayPal.","Scegli un contratto di fatturazione per semplificare ulteriori acquisti via PayPal."
"Sign a billing agreement to streamline further purchases with PayPal.","Scegli un contratto di fatturazione per semplificare ulteriori acquisti via PayPal."
"Sign In","Accedi"
"Sign Up for Newsletter","Iscriviti alla Newsletter"
"Sign Up for Our Newsletter:","Iscriviti alla nostra Newsletter:"
"Sign-in Information","Informazioni Login"
"Skip to Content","Accedere al Contenuto"
"Sku","Rif"
"SKU","Rif"
"Sorry, no quotes are available for this order at this time","Ci dispiace, non è disponibile nessun preventivo per questo ordine al momento."
"Sorry, no quotes are available for this order right now.","Ci dispiace, non è disponibile nessun preventivo per questo ordine al momento."
"Sorry, something went wrong.","Ci dispiace, qualcosa è andato storto."
"Sorry, something went wrong. Please try again later.","Ci dispiace, qualcosa è andato storto. Ti preghiamo di riprovare più tardi"
"Sort By","Ordina per"
"Special Price","Prezzo speciale"
"Starting at","A partire da"
"State/Province","Regione/ Territorio"
"Status","Stato"
"Status:","Stato:"
"Store alternative addresses (for shipping to multiple family members and friends)","Salvare indirizzi alternativi (per le spedizioni dei tuoi familiari e amici)"
"Store credit","Nota di Credito"
"Store credit available","Nota di credito disponibile"
"Store Credit update","Aggiornamento della Nota di Credito"
"Stored Payment Methods","Metodi di Pagamento Salvati"
"Street Address","Indirizzo"
"Street Address %1","Via %1"
"Strong","Forte"
"Submit","Inviare"
"Submit Review","Invia recensione"
"Submitted on %1","Inviata il %1"
"Submitting order information...","Inviare Informazioni sull'Ordine ..."
"Subscribe","Iscriversi"
"Subscription option","Opzioni di Iscrizione"
"Subtotal","Subtotale"
"Subtotal (Excl. Tax)","Subtotale (escludendo tasse)"
"Subtotal (Incl. Tax)","Subtotale (Includendo tasse)"
"Summary","Riepilogo"
"Take a look at %customer_name's Wish List","Dai un occhiata alla Wishlist di %customer_name"
"Tax","IVA"
"Tax/VAT number","Partita IVA"
"Thank you for confirming your %store_name account.","Grazie per aver confermato il tuo account %store_name."
"Thank you for subscribing to our newsletter.","Grazie per esserti iscritto alla nostra newsletter."
"Thank you for your order from %store_name.","Grazie per il tuo ordine da %store_name."
"Thank you for your purchase!","Grazie per il tuo acquisto!"
"Thanks for your order. We'll email you order details and tracking information.","Grazie per il tuo ordine. Invieremo i dettagli dell'ordine e numero di rintracciamento nella mail di conferma."
"Thanks,<br>%store_name","Grazie, <br>%store_name"
"There are no billing agreements yet.","Non ci sono ancora contratti di fatturazione."
"There are no search terms available.","Non ci sono termini di ricerca disponibili."
"There are no sent invitations.","Non ci sono inviti inviati."
"There is no tracking available for this shipment.","Non è disponibile alcun numero di tracciabilità per questa spedizione."
"There is no tracking available.","Non è disponibile alcun numero di rintracciamento."
"There was recently a request to change the password for your account.","Abbiamo ricevuto una richiesta di reimpostazione della password per il tuo account."
"This is demo store. No orders will be fulfilled.","Questo è un negozio dimostrativo del servizio. Gli ordini di questo negozio non verranno evasi."
"This is your default billing address.","Questo è il tuo indirizzo di fatturazione predefinito."
"This is your default shipping address.","Questo è il tuo indirizzo di spedizione predefinito."
"This Wish List has no Items","La tua Wishlist è ancora vuota"
"Time","Ora"
"To","A"
"To begin receiving the newsletter, you must first confirm your subscription by clicking on the following link:","Per ricevere la newsletter, prima verrà richiesto confermare la iscrizione cliccando il seguente link:"
"To comply with the new e-Privacy directive, we need to ask for your consent to set the cookies.","Per rispettare la nuova direttiva sull'e-Privacy, è necessario il consenso dell'utente per l'installazione dei cookie."
"To sign in to our site and set a password, click on the <a href=""%create_password_url"">link</a>:","Per accedere al nostro sito e impostare una password, clicca su <a href=""%create_password_url"">link</a>:"
"To sign in to our site, use these credentials during checkout or on the <a href=""%customer_url"">My Account</a> page:","Per fare il login e impostare la password, clicca su ricorda queste credenziali durante la verifica o sulla pagina<a href=""%customer_url"">Mio Account</a>:"
"To:","A:"
"Toggle Nav","Toggle Navbar"
"Total","Totale"
"Total Incl. Tax","Totale IVA inclusa"
"Track history","Cronologia degli ordini"
"Track order history","Cronologia Rintracciamento Ordini"
"Track this shipment","Rintracciamento dell'Ordine"
"Track:","Rintracciare:"
"Tracking information is currently not available. Please ","Le informazioni di rintracciamento non sono attualmente disponibili. Ti preghiamo di "
"Tracking Number","Numero di Rintracciamento"
"Tracking Number:","Numero di Rintracciamento"
"Tracking Number(s):","Numero(i) di tracciamento:"
"Type","Tipo"
"Unit Price","Prezzo unitario"
"unselect all","deselezionare tutto"
"Unsubscribe from all price alerts","Annulla l'iscrizione per tutti gli avvisi dei prezzi"
"Unsubscribe from all stock alerts","Annulla l'iscrizione per tutti gli avvisi della disponibilità"
"Update","Aggiornare"
"Update Cart","Aggiorna carrello"
"Update Qty &amp; Addresses","Aggiorna Qtà e Indirizzo"
"Update Shipping Method","Aggiorna il metodo di spedizione"
"Update Shopping Cart","Aggiorna il carrello"
"Update to your %store_name credit memo","Aggiorna la tua nota di credito %store_name"
"Update to your %store_name invoice","Aggiorna la fattura %store_name"
"Update to your %store_name order","Aggiorna l'ordine %store_name"
"Update to your %store_name shipment","Aggiorna la tua spedizione %store_name"
"Update Wish List","Aggiorna la WishList"
"Updated","Aggiornato"
"Updated At","Aggiornato per"
"Updated:","Aggiornato:"
"Use as my default billing address","Utilizza come indirizzo di fatturazione predefinito"
"Use as my default shipping address","Utilizzo come indirizzo di spedizione predefinito"
"VAT Number","Partita IVA"
"VAT Number:","Partita IVA:"
"VAT number","Partita IVA"
"VAT Number is valid.","Il numero di partita IVA inserito non è valido."
"Please enter a valid VAT number.","Ti preghiamo di inserire un numero di partita IVA valido."
"Your VAT ID was successfully validated.","La tua partita IVA è stata validata "
"You will be charged tax.","Il tuo ordine sarà soggetto all'applicazione dell'aliquota I.V.A. ordinaria."
"You will not be charged tax.","Il tuo ordine non sarà soggetto all'applicazione dell'aliquota I.V.A. ordinaria."
"The VAT ID entered (%1) is not a valid VAT ID.","La tua partita IVA (%1) non risulta valida."
"Your Tax ID cannot be validated.","Non è stato possibile convalidare la partita IVA."
"If you believe this is an error, please contact us at %1","Se credi che ci sia stato un errore, ti preghiamo di contattarci %1"
"Very Strong","Molto forte"
"View","Vedi"
"View All","Vedi Tutto"
"View all Wish List items","Visualizza tutti gli articoli della Wishlist"
"View as","Visualizza come"
"View Details","Visualizza Informazioni"
"View Order","Visualizza l'Ordine"
"View past orders","Visualizzare ordini precedenti"
"View Product","Visualizza l'articolo"
"We can't complete your order because you don't have a payment method set up.","Non possiamo completare il tuo ordine perché non hai impostato un metodo di pagamento."
"We can't create the Wish List right now.","Non è possibile creare la Wishlist in questo momento."
"We can't find any items matching these search criteria.","Non possiamo trovare nessun articolo corrispondenti a questi criteri di ricerca."
"We can't find products matching the selection.","Non possiamo trovare prodotti corrispondenti alla selezione."
"We found other products you might like!","Abbiamo trovato altri prodotti che ti potrebbero interessarti!"
"We have received a request to change the following information associated with your account at %store_name: email, password.","Abbiamo ricevuto una richiesta per modificare le seguenti informazioni associate al tuo account a %store_name: email, password."
"We have received a request to change the following information associated with your account at %store_name: email.","Abbiamo ricevuto una richiesta per modificare le seguenti informazioni associate al tuo account a %store_name: email."
"We have received a request to change the following information associated with your account at %store_name: password.","Abbiamo ricevuto una richiesta per modificare le seguenti informazioni associate al tuo account a %store_name: password."
"We have updated your <a href=""%store_url"">%store_name</a> account and you have credit that you can use for future purchases.","Abbiamo aggiornato il tuo account <a href=""%store_url"">%store_name</a> e disponi di credito che puoi utilizzare per gli acquisti futuri."
"We received your order!","Abbiamo ricevuto il tuo ordine!"
"We use cookies to make your experience better.","Usiamo i cookie per arricchire l'esperienza degli utenti."
"We'll ask for your payment details before you place an order.","Le informazioni di pagamento verranno chieste prima di processare l'ordine."
"We'll email you an order confirmation with details and tracking info.","Ti invieremo una mail con la conferma dell'ordine con le informazioni di rintracciamento."
"We'll send your order confirmation here.","Ti invieremmo la conferma dell’ordine a questo indirizzo e-mail. Se appare una X rossa, questo significa che l’indirizzo email non è valido. Ti preghiamo di reinserirlo."
"Weak","Debole"
"Welcome to %store_name","Benvenuti a %store_name"
"Welcome to %store_name.","Benvenuti a %store_name."
"Welcome, %1!","Benvenuto, %1!"
"Welcome, %name","Benvenuto, %name"
"What is PayPal?","Cos'è PayPal?"
"What is this?","Cos'è questo?"
"What's this?","Cos'è questo?"
"What’s on your mind?","Come possiamo esserti d'aiuto?"
"When you sign in to your account, you will be able to:","Dopo il login, ti sarà possibile:"
"Wish List","Wishlist"
"Wish List is empty now.","La tua Wishlist è vuota."
"Wish List Items","Articoli nella Wishlist"
"Wish List Name","Nome della Wishlist"
"Wish List Search","Cerca nella Wishlist"
"Wishlist","Wishlist"
"WK","Sett."
"Write Us","Scrivici"
"Write Your Own Review","Scrivi la tua recensione"
"You already have an account with us. Sign in or continue as guest.","Sei già registrato con noi. Puoi fare il Login o alternativamente puoi continuare in modalità ospite."
"You are signed out","Ti sei disconnesso dal tuo Account"
"You can check the status of your order by <a href=""%account_url"">logging into your account</a>.","Puoi rintracciare il tuo ordine <a href=""%account_url"">accedendo al tuo account</a>."
"You can create an account after checkout.","È possibile creare un account dopo il checkout."
"You can track your order status by creating an account.","Puoi monitorare lo stato dell'ordine creando un account."
"You cannot send more invitations","Non puoi inviare più inviti"
"You don't subscribe to our newsletter.","Non sei iscritto alla nostra newsletter."
"You have been successfully subscribed to our newsletter.","Ti sei iscritto con successo alla nostra newsletter."
"You have been unsubscribed from the newsletter.","Hai confermato l'annullamento dell'iscrizione alla newsletter"
"You have no default billing address in your address book.","La tua rubrica non contiene nessun indirizzo legale predefinito."
"You have no default shipping address in your address book.","La tua rubrica non contiene nessun indirizzo di consegna predefinito."
"You have no items in your shopping cart.","Non ci sono articoli nel tuo carrello."
"You have no items in your wish list.","Non hai articoli nella tua Wishlist."
"You have no items to compare.","Non ci sono articoli da confrontare."
"You have no other address entries in your address book.","Non c'è nessun altro indirizzo nella tua rubrica."
"You have no stored payment methods.","Non c'è nessun metodo di pagamento memorizzato."
"You have placed no orders.","Non è stato effettuato nessun ordine."
"You have signed out and will go to our homepage in 5 seconds.","Hai effettuatto il logout sarai reindirizzato alla nostra Homepage fra 5 secondi."
"You have submitted no reviews.","Non è stata fornita ancora alcuna valutazione."
"You must confirm your %customer_email email before you can sign in (link is only valid once):","Ti preghiamo di confermare la tua email %customer_email prima di fare il login (link valido solo per una sessione):"
"You must select items to add to the cart.","Ti preghiamo di scegliere gli articoli che vuoi aggiungere al carrello."
"You subscribe to ""General Subscription"".","Ti sei iscritto alla nostra iscrizione generale"
"You will be redirected to the payment system website.","Sarai reindirizzato al sistema di pagamenti sul nostro sito"
"You will be redirected to the PayPal website when you place an order.","Sarai reindirizzato al sito di PayPal al momento dell'inoltro dell'ordine."
"You will be redirected to the PayPal website.","Sarai reindirizzato al sito PayPal."
"You will be redirected to the Worldpay website.","Sarai reindirizzato al sito Worldpay."
"You will be required to enter your payment details after you place an order.","Ti preghiamo di inserire I dati relativi al pagamento dopo aver effettuato un ordine."
"You will see the order total before you submit the order.","Ti verrà mostrato il totale dell'ordine prima di confermare l'ordine."
"You're currently reading page","Stai leggendo la pagina"
"You're reviewing:","Stai scrivendo una recensione per l'articolo:"
"Your %store_name email and password has been changed","La tua email e password di %store_name sono state modificate"
"Your %store_name email has been changed","La tua email %store_name è stata modificata"
"Your %store_name order confirmation","Conferma dell'ordine di %store_name"
"Your %store_name order has shipped","Il tuo ordine %store_name è stato spedito"
"Your %store_name password has been changed","La password %store_name è stata modificata"
"Your balance is:","Il tuo saldo è:"
"Your billing agreement # is: ","Il tuo contratto di fatturazione # è: "
"Your credit card will be charged for","La tua carta di credito verrà addebitata"
"Your Credit Memo #%creditmemo_id for Order #%order_id","La tua nota di credito #%creditmemo_id per l'ordine #%order_id"
"Your Customization","La tua Personalizzazione"
"Your Invoice #%invoice_id for Order #%order_id","La fattura #%invoice_id per l'ordine #%order_id"
"Your order # is: <span>%1</span>.","Il tuo ordine # è: <span>%1</span>."
"Your order #%increment_id has been updated with a status of <strong>%order_status</strong>.","Il tuo ordine #%increment_id è stato aggiornato <strong>%order_status </strong>."
"Your Order <span class=""no-link"">#%increment_id</span>","Il tuo ordine <span class=""no-link"">#%increment_id</span>"
"Your order number is: ","Il tuo numero d'Ordine è: "
"Your order number is: %1.","Il tuo numero d'Ordine è: %1."
"Your order numbers are: ","I tuoi numeri d'Ordine sono: "
"Your order #%order_id","Il tuo ordine #%order_id"
"Your payment has been successfully processed by our shop system.","I nostro sistema ha processato il tuo pagamento con successo."
"Your Rating","La tua Valutazione"
"Your Review","La tua Recensione"
"Your search returned no results.","La ricerca non ha prodotto risultati."
"Your Shipment #%shipment_id for Order #%order_id","La tua spedizione #%shipment_id per l'ordine #%order_id"
"Your shipping confirmation is below. Thank you again for your business.","Di seguito troverai informazioni sulla tracciabilità e la spedizione del tuo ordine:"
"Your Store Credit balance is now %balance.","Il saldo della tua Nota di Credito è %balance."
"ZIP Code","CAP"
"Zip/Postal Code","CAP"
"Continue to ","Continuare a "
"Use Saved Card","Utilizzare questa Carta Salvata"
"Save this card","Salvare questa Carta"
"Place Order","Processare Ordine"
"Swift Code","Codice SWIFT"
"Continue to Giropay","Continuare a Giropay"
"Bank Code","Codice identificativo della banca"
"Continue to iDeal","Continuare a iDeal"
"Continue to PayPal","Continua a PayPal"
"My Saved Cards","Le mie carte salvate"
"You added %1 to your shopping cart.","Hai aggiunto %1 al tuo carrello."
"We don't have as many ""%1"" as you requested.","Disponibilità della quantità richiesta di ""%1"" non disponibile."
"Full Description","Descrizione completa"
"Rate this product","Valuta questo articolo"
"You submitted your review for moderation.","La tua recensione è stata inviata ed è in fase di moderazione."
"Please select one of each of the ratings above.","Ti preghiamo di selezionare una delle valutazioni di sopra."
"This is a required field.","Questo è un campo obbligatorio."
"Shopping Cart","Carrello"
" Cart ","Carrello"
"This Item","Questo Articolo"
"You will Need","Complementi"
"We recommend the following essential products","Potrebbero interessarti anche i seguenti articoli"
"We recommend the following essential products:","Potrebbero interessarti anche i seguenti articoli:"
"You will receive an order confirmation email with details of your order and a link to track its progress.","Riceverai un'email di conferma dell'ordine con informazioni e un link per rintracciare per il tuo ordine."
"Delivery & Returns","Consegne e restituzioni"
"Our 128-bit encryption keeps your personal data secure and secure.","La nostra chiave crittografica a 128 bit protegge I tuoi dati personali mantenendoli sicuri."
"Sign Out","Disconnetterti"
"Customer Login","Accedi"
"Invalid login or password.","Il nome utente o la password non sono corretti."
"More Info","Ulteriori informazioni"
"Similar Products","Prodotti Simili"
"Are you sure you would like to remove this item from the shopping cart?","Sei sicuro di voler rimuovere questo articolo dal carrello?"
"Please enter a valid email address (Ex: johndoe@domain.com).","Inserisci un indirizzo e-mail valido (ad.es: pietrobianchi@domain.com)."
"Minimum length of this field must be equal or greater than %1 symbols. Leading and trailing spaces will be ignored.","La lunghezza minima di questo campo deve essere pari o superiore a %1. Nel caso di caratteri irrilevanti, gli zero iniziali e gli spazi finali vengono soppressi."
"Please enter the same value again.","Ti preghiamo di inserire di nuovo lo stesso valore."
"Minimum of different classes of characters in password is %1. Classes of characters: Lower Case, Upper Case, Digits, Special Characters.","La password deve essere composta da un minimo di %1 di diversi caratteri. Classi di caratteri: maiuscole,minuscole,cifre e caratteri speciali."
"Please enter only digits.","Ti preghiamo di inserire unicamente cifre."
"Please enter a valid credit card number.","Ti preghiamo di inserire un numero di carta di credito valido."
"%1 and above","%1 e superiore"
"Position","Default"
"Click <a href=""%1"" onclick=""this.target='_blank'"" class=""print"">here</a> to print a copy of your order confirmation","Clicca su <a href=""%1"" onclick=""this.target='_blank'"" class=""print"">qui</a> per stampare una copia della tua conferma d'ordine"
" Thank you for your purchase! ","Grazie per il tuo acquisto!"
"Fast Delivery","Consegna veloce"
"Pending","In attesa"
"Back to My Orders","Tornare ai miei ordini"
"Social","Social"
"Top Tips","Top Tips"
"Read our Top Tips","Leggi i nostri consigli"
"Thank you for registering with %1.","Grazie per averti registrato con %1."
"Thank you, %store_name","Grazie, %store_name"
"Shipping & Handling","Costi di spedizione"
"You saved the account information.","Hai salvato le informazioni del tuo Account."
"If there is an account associated with %1 you will receive an email with a link to reset your password.","Se esiste un account associato a %1, riceverai una mail con un link per reimpostare la tua password."
"There is already an account with this email address. If you are sure that it is your email address, <a href=""%1"">click here</a> to get your password and access your account.","C'è già un utente registrato con questo indirizzo emai. Se sei sicuro che questo e' il tuo indirizzo email, <a href=""%1"">clicca qui</a> per ricevere la password e per accedere al tuo account."
"Thank you for your subscription.","Grazie per la tua iscrizione."
"To avoid your Junk or Spam folder, please add ","Ti preghiamo di aggiungere questo messaggio nella cartella e il nostro indirizzo di posta elettronica "
" to your contacts."," com ai tuoi contatti per evitare ricevere nella spam."
"Dear Customer,","Salve,"
"Thank you for your request to subscribe to our newsletters and special offers from ","Grazie per la tua iscrizione alla nostra Newsletter per ricevere le nostre offerte speciali "
"To ensure that you receive our newsletters and special offers in your Inbox you need to mark our email address as safe, so it does not automatically go into your Spam or Junk folder. Instructions on how to do this for the most popular email applications are provided below.","Per assicurarci che ricevi le nostre newsletter e offerte speciali nella tua casella di posta elettronica, ti preghiamo di aggiungere questo messaggio come Posta in arrivo, evitando ricevere i nostri messaggi nella posta indesiderata. Ti invieremmo istruzioni dettagliate su come eseguire queste impostazioni di posta elettronica."
"Open the email we sent you and click the Mark as Safe link at the top.","Ti preghiamo di aprire la mail che abbiamo inviato. Clicca su Marcare come Sicuro nella sezione superiore."
"Yahoo Mail & Google Mail","Yahoo Mail e Google Mail"
"Open the email we sent you and click the Not Spam button if there is one.","Ti preghiamo di aprire la mail che abbiamo inviato. Se c’è una mail clicca su 'Non Spam' (non posta indesiderata)."
"Open the email we sent you and in the toolbar area at the top of the window select Safe Lists and then Add Sender’s Domain to Safe Senders List.","Ti preghiamo di aprire la mail che ti abbiamo inviato. Seleziona la barra degli strumenti disponibile nella parte superiore della finestra. Clicca Safe Lists e aggiungi mittente alla lista di Mittenti Sicuri."
"Windows Mail","Windows Mail"
"Go to the Tools menu and then select Junk E-mail Options. Select the Safe Senders tab and add ","Scegli Impostazioni e seleziona Opzioni di Posta Indesiderata. Seleziona Mittenti Sicuri e fai clic su "
" to the Safe Senders list."," per aggiungere all'elenco Mittenti Sicuri."
"Thank you for subscribing. We hope you finding our mailings useful and informative. However, should you wish to unsubscribe at any time, simply click the unsubscribe link that can be found at the bottom of any of our newsletters.","Grazie per esserti iscritto. Speriamo che tutte le informazioni presenti in questa mail siano chiare e utili. L'utente può annullare la sua iscrizione alla newsletter in qualsiasi momento cliccando su 'disattiva l'inscrizione' (nella sezione inferiore della newsletter)"
"We are sorry to hear you no longer wish to receive the newsletter. Your newsletter unsubscription has been successful.","Ci dispiace che tu abbia deciso di annullare l'iscrizione alla newsletter. Hai disattivato l'iscrizione alla newsletter con successo."
"Carrier with such method not found:","Questo metodo di spedizione non è disponibile con questo corriere:"
"Home","Home"
"Search results for: '%1'","Cerca risultati per: '%1'"
"Related search terms","Termini di ricerca correlati"
"Did you mean","Forse cercavi"
"The most you may purchase is %1.","Puoi acquistare una quantità massima di %1."
"You need to choose options for your item.","Ti preghiamo di scegliere una delle opzioni per il tuo articolo."
"Forgot Your Password","Hai dimenticato la password"
"Discount","Sconto"
"Your Order","Il tuo Ordine"
"Your order","Il tuo Ordine"
"You updated your password.","Hai aggiornato la tua password."
"The coupon code has been accepted.","Il codice sconto è stato accettato."
"The coupon code ""%1"" is not valid.","Il codice sconto ""%1"" non è valido."
"Coupon code is not valid.","Il codice sconto non è valido."
"Coupon code is not valid","Il codice sconto non è valido"
"You used coupon code ""%1"".","Hai utilizzato il codice sconto ""%1""."
"You saved the address.","Hai salvato l'indirizzo."
"We\'re unable to send the password reset email.","Purtroppo non siamo in grado di inviare una mail per reimpostazione della password."
"Too many password reset requests. Please wait and try again or contact %1.","Troppe richieste di ripristino delle password. Ti preghiamo di attendere e riprovare o contattare %1."
"Payer Email","Email del pagante"
"Payer ID","Numero identificativo del pagante"
"Payer Status","Stato del pagatore"
"Payer Address ID","Numero identificativo dell'indirizzo pagatore"
"Payer Address Status","Stato dell'indirizzo pagatore"
"Some of the products are out of stock.","Alcuni dei prodotti sono esauriti."
"This product is out of stock.","Questo prodotto è esaurito."
"Your password reset link has expired.","Il link per reimpostare la password è scaduto."
"Please select an option.","Ti preghiamo di selezionare un'opzione."
"Your shopping cart has been updated with new prices.","Il tuo carrello è stato aggiornato ed include gli ultimi prezzi."
"This email address is already assigned to another user.","Questo indirizzo email è già assegnato a un altro utente."
"There was a problem with the subscription: %1","C'è un problema con l'iscrizione: %1"
"Something went wrong with the subscription.","Qualcosa è andato storto con l'iscrizione."
"You unsubscribed.","Hai disattivato l'iscrizione."
"Something went wrong while unsubscribing you.","Qualcosa è andato storto durante l'annullamento dell'iscrizione."
"Bank Transfer Payment","Pagamento via Bonifico Bancario"
"PayPal Express Checkout Token does not exist.","PayPal Express Checkout non disponibile."
"Discount (%1)","Sconto (%1)"
"We removed the subscription.","L'iscrizione è stata annullata."
"We saved the subscription.","L'iscrizione è stata salvata."
"You canceled the coupon code.","Il buono sconto è stato cancellato."
"Your coupon was successfully applied.","Il buono sconto è stato applicato con successo."
"Your coupon was successfully removed.","Il buono sconto è stato cancellato con successo."
"Cancel coupon","Cancellare il buono sconto"
"%1 was updated in your shopping cart.","%1 è stato aggiornato nel tuo carrello."
"Create New Customer Account","Creare un account cliente"
"Shipping & Handling","Spedizione e manipolazione"
"Shipping & Handling (%1)","Spedizione e manipolazione (%1)"
"Express Checkout has been canceled.","Express checkout cancellato."
"The account is locked. Please wait and try again or contact %1.","L’account è bloccato. Ti preghiamo di attendere 10 minuti e riprovare."
"About Your Shipment","Dettagli Sulla Consegna"
"A customer with the same email already exists in an associated website.","È possibile che tu abbia già creato un account con questo indirizzo email."
" Example: "," Esempio: "
"Relevance","Default"
"The password doesn\'t match this account.","La password non corrisponde alla password attuale dell'utente."
"Your Invoice for Order #%order_id","La fattura per l'ordine #%order_id"
"Invoice for Order #%order_id","Fattura per l'ordine #%order_id"
"If you are a registered VAT customer, please <a href=""%1"">click here</a> to enter your billing address for proper VAT calculation.","Se hai la partita IVA Intracomunitaria, ti preghiamo di <a href=""%1"">cliccare qui</a> per inserire l'indirizzo legale in modo da consentire il calcolo corretto dell'IVA."
"You will not be charged tax. <a href=""%1"">Continue</a> with your order.","e procederemmo a processare l’ordine esento di IVA. Ti preghiamo di <a href=""%1"">procedere</a> con l’ordine."
"You will be charged tax. <a href=""%1"">Continue</a> with your order.","Procederemmo a processare l’ordine comprensivo di IVA. Ti preghiamo di <a href=""%1"">procedere</a> con l’ordine."
"The VAT deduction will be shown on the next stage.","La detrazione dell’IVA sarà visibile nella fase successiva."
"<a href=""%1"">Read our policy</a>.","Si prega di leggere la nostra <a href=""%1"">Politica sui Cookie</a> per saperne di più."
"Our website uses cookies to give you the best experience of our site.","Questo Sito utilizza i 'Cookie' per migliorare l’esperienza di navigazione sul Sito."
"By using this site, you agree to the use of cookies.","Continuando a navigare sul sito, accetti l'utilizzo dei Cookie."
"I agree","OK, ACCETTO"
"Valves not included","La confezione non include le valvole"
"Which Valves do I need?","Quali valvole mi servono?"
"Go to Home Page","Andare alla home page"
"Go to Basket", "Vedere il mio carrello"
"Item was added to your basket","Articolo aggiunto al carrello"
"Basket contains","Il tuo carrello contiene"