"View and edit cart","Warenkorb ansehen und bearbeiten"
" for more information or "," für weitere Informationen "
" if you are not redirected automatically."," wenn Sie nicht automatisch umgeleitet werden."
"-- Please Select --","Bitte auswählen"
"-- Please Select Billing Agreement--","Bitte Abrechnungsvereinbarung auswählen"
"--Please Select--","Bitte auswählen"
"(Excl. Tax)","(exkl. MwSt.)"
"(Incl. Tax)","(inkl. MwSt.)"
"* Required Fields","* Pflichtfelder"
"%1 has been added to your Wish List.","%1 wurde zum Warenkorb hinzugefügt."
"%1 is available to buy in increments of %2","%1 kann in folgenden Mengen bestellt werden %2"
"%1 Item","%1 Artikel"
"%1 Item(s)","%1 Artikel"
"%1 Items","%1 Artikel"
"%1 items","%1 Artikel"
"%1 Review(s)","%1 Kundenbewertung(en)"
"%customer_name wants to share this Wish List from %store_name with you:","%customer_name möchte die Wunschliste von %store_name mit Ihnen teilen:"
"%sender_name wants to share this product with you:","%sender_name möchte das Produkt wants to share this product with you:"
"%store_name offers limited time sales of products only to members.","%store_name bietet ausschließlich Mitgliedern ein zeitlimitiertes Angebot."
"<a href=""%1"" onclick=""this.target='_blank'"" class=""print"">Print receipt</a>","<a href=""%1"" onclick=""this.target='_blank'"" class=""print"">Rechnung ausdrucken</a>"
"<a href=""%1"">Learn more</a>.","<a href=""%1"">Mehr erfahren</a>."
"<span class=""label"">Order Date:</span> %1","<span class=""label"">Bestelldatum:</span> %1"
"<strong>%1 item</strong> were found using the following search criteria","<strong>%1 Artikel</strong> wurde durch folgende Suchanfrage gefunden"
"<strong>%1 items</strong> were found using the following search criteria","<strong>%1 Artikel</strong> wurden durch folgende Suchanfrage gefunden"
"<strong>Attention</strong>: Captcha is case sensitive.","<strong>Achtung</strong>: Captcha beachtet Groß- und Kleinschreibung."
"A letter with further instructions will be sent to your email.","Weiteren Informationen werden an Ihre Email Adresse gesendet."
"About the calendar","Kalender"
"About Your Order","Über Ihre Bestellung"
"Account","Benutzerkonto"
"Account Dashboard","Benutzerkonto Übersicht"
"Account Information","Benutzerkonto Information"
"Action","Option"
"Actions","Option"
"Actual Price","Tatsächlicher Preis"
"Add","Hinzufügen"
"Add All to Cart","Alles zum Warenkorb hinzufügen"
"Add Invitee","n/a"
"Add New Address","Neue Adresse hinzufügen"
"Add Row","Reihe hinzufügen"
"  Add to Cart  ","Zum Warenkorb hinzufügen"
"Add to Cart","Karte"
"Add to Compare","Hinzufügen zum vergleichen"
"Add to Wish List","Zur Wunschliste hinzufügen"
"Add to:","Hinzufügen zu:"
"Add Your Review","Fügen Sie Ihre Bewertung hinzu"
"Added","Hinzugefügt"
"Adding...","Hinzufügen..."
"Additional Address Entries","Zusätzliche Adresseinträge"
"Additional Options","Zusatzoptionen"
"Address","Adresse"
"Address %1 <span>of %2</span>","Adresse %1 <span>von %2</span>"
"Address Book","Adressbuch"
"Address Information","Adresse Informationen"
"Addresses","Adressen"
"Advanced Search","Erweiterte Suche"
"Agreement Information","Informationen"
"Allow Cookies","Cookies zulassen"
"An error occurred on the server. Please try to place the order again.","Auf dem Server ist ein Fehler aufgetreten. Bitte geben Sie die Bestellung nochmals auf."
"Apply Discount","Rabatt hinzufügen"
"Apply Discount Code","Rabattcode hinzufügen"
"Are you sure you want to delete this address?","Sind Sie sicher, dass Sie diese Adresse löschen möchten?"
"Are you sure you want to delete this item?","Sind Sie sicher, dass Sie diesen Artikel löschen möchten?"
"Are you sure you want to delete your wish list? This action can't be undone.","Sind Sie sicher, dass Sie Ihre Wunschliste löschen möchten? Diese Handlung kann nicht rückgängig gemacht werden."
"Are you sure you want to do this?","Sind Sie sicher, dass Sie dies tun möchten?"
"As low as","Für nur"
"Attention: Captcha is case sensitive.","Achtung: Captcha beachtet Groß- / Kleinschreibung."
"Availability","Verfügbarkeit"
"Availability:","Verfügbarkeit:"
"available","verfügbar"
"Average Customer Rating","Durchschnittliche Kundenbewertung"
"Average Customer Rating:","Durchschnittliche Kundenbewertung:"
"Back","Zurück"
"Back to Billing Agreements","Zurück zu Abrechnungsvereinbarungen"
"Back to Billing Information","Zurück zur Rechnungsinformation"
"Back to Invitations","n/a"
"Back to Main Product Info","Zurück zur Artikel Hauptinformation"
"Back to My Reviews","Zurück zu Meine Bewertungen"
"Back to Product Reviews","Zurück zu den Produktbewertungen"
"Back to Select Addresses","Zurück zur Adressauswahl"
"Back to Shipping Information","Zurück zur Lieferinformation"
"Back to Shopping Cart","Zurück zum Warenkorb"
"Back to Sign In","Zurück zur Anmeldung"
"Balance","Kontostand"
"Balance Change","Kontostand Änderung"
"Balance History","Kontostand Überblick"
"Be the first to review this product","Bewerten Sie als erster dieses Produkt"
"Billing Address","Rechnungsadresse"
"Billing Agreement","Abrechnungsvereinbarung"
"Billing Agreement # ","Abrechnungsvereinbarung # "
"Billing Agreements","Abrechnungsvereinbarungen"
"Billing Info","Rechnungsinfo"
"Billing Information","Rechnungsinformation"
"Billing Last Name","Rechnung Nachname"
"Billing ZIP Code","Rechnung Postleitzahl"
"Buy %1 for %2 each","Kaufen Sie %1 für jeweils %2"
"Buy %1 for %2 each and <strong class=""benefit"">save<span class=""percent tier-%3"">&nbsp;%4</span>%</strong>","Kaufen Sie %1 für jeweils %2 und <strong class=""benefit"">sparen Sie<span class=""percent tier-%3"">&nbsp;%4</span>%</strong>"
"Buy %1 for: ","Kaufen Sie %1 für: "
"Buy %1 with %2 discount each","Kaufen Sie %1 mit jeweils %2 Rabatt"
"Buy now with PayPal","Jetzt mit PayPal kaufen"
"Cancel","Abbrechen"
"Cancel Coupon","Gutschein stornieren"
"Canceled","Abgebrochen"
"Card Number","Kartennummer"
"Card Verification Number","Kartenprüfnummer"
"Card Verification Number Visual Reference","not pplicable"
"Carrier Title","Spediteur"
"Carrier:","Spediteur:"
"Cart Subtotal","Warenkorb Zwischensumme"
"Catalog Advanced Search","Katalog Erweiterte Suche"
"Category","Kategorie"
"Change","Ändern"
"Change Billing Address","Rechnungsadresse ändern"
"Change Email","Emailadresse ändern"
"Change Email and Password","Emailadresse und Passwort ändern"
"Change Password","Passwort ändern"
"Change Shipping Address","Lieferadresse ändern"
"Check 'Remember Me' to access your shopping cart on this computer even if you are not signed in.","Klicken Sie 'Angemeldet bleiben', um auf Ihren Einkaufswagen zuzugreifen, auch wenn Sie nicht angemeldet sind."
"Check &quot;Remember Me&quot; to access your shopping cart on this computer even if you are not signed in.","Klicken Sie &quot;Angemeldet bleiben&quot;, um auf Ihren Einkaufswagen zuzugreifen, auch wenn Sie nicht angemeldet sind."
"Check here to link an RSS feed to your Wish List.","n/a"
"Check items to add to the cart or","Produkte auswählen, um sie zum Warenkorb hinzu zu fügen oder"
"Check out faster","Schneller durch den Zahlungsprozess"
"Check Out with Multiple Addresses","Zahlungsprozess mit mehreren Adressen abschließen"
"Check the status of orders","Überprüfen Sie den Status Ihrer Bestellung"
"Checkout out as a new customer","Zahlvorgang als neuer Kunde abschließen"
"Checkout out using your account","Bezahlvorgang über Konto abschließen"
"Checkout with PayPal","Mit Paypal auschecken"
"Choose a selection...","Wählen..."
"Choose an Option...","Wähle eine Option..."
"City","Stadt"
"Clear All","Alles löschen"
"Clear Shopping Cart","Warenkorb lehren"
"Click <a href=""%1"">here</a> to continue shopping.","Um weiter ein zu kaufen <a href=""%1"">hier</a> klicken."
"Click for price","Klicken Sie für Preis"
"Click here to stop alerts for this product.","Klicken Sie hier, um Benachrichtigungen für dieses Produkt zu stoppen."
"Close","Schließen"
"Close Window","Fenster schließen"
"Comment","Kommentar"
"Company","Firma"
"Compare","vergleichen"
"Compare Products","Produkte vergleichen"
"Confirm New Password","Neues Passwort Bestätigen"
"Confirm Password","Passwort bestätigen"
"Confirm Your Account","Bestätigen Sie Ihr Konto"
"Contact Information","Kontakt Informationen"
"Contact Us","Kontaktieren Sie uns"
"contact us","kontaktieren sie uns"
"Continue","Fortfahren"
"Continue Shopping","Weiter einkaufen"
"continue shopping","weiter einkaufen"
"Continue to Billing Information","Weiter zu Abrechnungsinformationen"
"Continue to PayPal","Weiter zu PayPal"
"Continue to Worldpay","Weiter zu Worldpay"
"Copy Selected to Wish List","Zur Wunschliste verschieben"
"Copy to Wish List","Zur Wunschliste kopieren"
"Country","Land"
"Create an Account","Konto erstellen"
"Create Billing Address","Rechnungsadresse anlegen"
"Create New Wish List","Neue Wunschliste erstellen"
"Create Shipping Address","Versandadresse anlegen"
"Create...","Erstellen..."
"Created","Erstellt"
"Created At","Erstellt am"
"Created:","Erstellt:"
"Creating an account has many benefits:","Die Erstellung eines Kontos hat viele Vorteile:"
"Creating an account has many benefits: check out faster, keep more than one address, track orders and more.","Die Erstellung eines Kontos hat viele Vorteile: Bezahlvorgang geht schneller, mehr als eine Adresse ist verfügbar, Sendeverfolgung möglich und vieles mehr."
"Credit Card Information","Kreditkarteninformation"
"Credit Card Number","Kreditkartennummer"
"Credit Card Type","Kreditkartentyp"
"Current Password","Aktuelles Passwort"
"Customer Information","Kundeninformation"
"Customer Reviews","Kundenbewertungen"
"Customize %1","n/a"
"Customize and Add to Cart","n/a"
"Date","Datum"
"Default Addresses","Primäre Adressen"
"Default Billing","Primäre Abrechnung"
"Default Billing Address","Primäre Rechnungsadresse"
"Default Shipping","Primäre Lieferung"
"Default Shipping Address","Primäre Lieferadresse"
"Delete","Löschen"
"Delete Address","Adresse löschen"
"Delete Wish List","Wunschliste löschen"
"Delivered on:","Geliefert am:"
"Description","Beschreibung"
"Details","Details"
"Discount Amount","Rabattbetrag"
"Don't see what you're looking for?","Nicht gefunden wonach gesucht?"
"edit","bearbeiten"
"Edit","Bearbeiten"
"Edit Account Information","Kontoinformationen bearbeiten"
"Edit Address","Adresse bearbeiten"
"Edit item parameters","Artikelinformation bearbeiten"
"Edit Items","Artikel bearbeiten"
"Edit item","Artikel bearbeiten"
"Edit Payment Information","Zahlungsinformation bearbeiten"
"Edit Shipping Address","Lieferadresse bearbeiten"
"Edit Shopping Cart","Warenkorb bearbeiten"
"Edit Wish List","Wunschliste bearbeiten"
"Edit Your Cart","Warenkorb bearbeiten"
"Email","Email"
"Email Address","Email Adresse"
"Email addresses, separated by commas","E-Mail-Adressen, getrennt durch Kommas"
"Email to a Friend","An einen Freund mailen"
"email us at ","mailen sie uns an "
"Email:","Email:"
"Empty","Leer"
"ending","wird beendet"
"Enter a New Address","Geben Sie eine neue Adresse ein"
"Enter discount code","Geben Sie den Rabattcode ein"
"Enter Email","Emailadresse eingeben"
"Enter your email address","Geben Sie Ihre E-Mailadresse ein"
"Error:","Error:"
"Estimate Shipping and Tax","geschätzte Lieferkosten und MwSt."
"Estimate Tax","geschätzte MwSt."
"Estimated Total","geschätzte Gesamtkosten"
"Excl. Tax","exkl. MwSt."
"Expiration Date","Haltbarkeitsdatum"
"Fax","Fax"
"File","Datei"
"Final Price","Endpreis"
"Find Order By","Finde Auftrag durch"
"First Name","Vorname"
"For delivery questions.","Für Lieferfragen."
"For the best experience on our site, be sure to turn on Javascript in your browser.","Für die beste Erfahrung auf unserer Website, achten Sie darauf, Javascript in Ihrem Browser ein zu schalten."
"For the best experience on our site, be sure to turn on Local Storage in your browser.","Für die beste Erfahrung auf unserer Website, achten Sie darauf, den lokalen Speicher in Ihrem Browser zu aktivieren."
"Forgot an Item?","Haben Sie einen Artikel vergessen?"
"Forgot your account password? Click <a href=""%reset_url"">here</a> to reset it.","Sie haben Ihr Passwort vergessen? Klicken Sie <a href=""%reset_url"">hier</a> um es zurück zu setzten."
"Forgot Your Password?","Passwort vergessen?"
"From:","Von:"
"Gender","Geschlecht"
"General Subscription","Allgemeines Abonnement"
"Gift Message","Geschenk Nachricht"
"Gift Message for This Order","Geschenk Nachricht für diesen Auftrag"
"Go back","Geh zurück"
"Go back to product details","Gehen Sie zurück zu Produktdetails"
"Go to Checkout","Zahlungsvorgang einleiten"
"Go to Review Your Order","Bestellung überprüfen"
"Go to Shipping Information","Zur Lieferinformation"
"Go to Wish List","Zur Wunschliste"
"Go Today","n/a"
"Grand Total Excl. Tax","Gesamtsumme exkl. MwSt."
"Grand Total Incl. Tax","Gesamtsumme inkl. MwSt."
"Grand Total:","Gesamtsumme:"
"Grand Total","Gesamtsumme"
"Group","Gruppe"
"Grouped product items","Gruppierte Produktartikel"
"Guest checkout is disabled.","Gast Zahlung ist deaktiviert."
"Hello,","Hallo,"
"Help Us Keep Magento Healthy","n/a"
"here","hier"
"Hour","Stunde"
"If you believe it is the right one you can ignore this notice.","Wenn Sie glauben, dies ist korrekt, können Sie die Nachricht ignorieren."
"If you did not make this request, you can ignore this email and your password will remain the same.","Wenn Sie diese Anforderung nicht gemacht haben, können Sie diese E-Mail ignorieren und Ihr Passwort bleibt erhalten."
"If you have an account, sign in with your email address.","Wenn Sie ein Konto haben, melden Sie sich mit Ihrer E-Mail-Adresse an."
"If you have not authorized this action, please contact us immediately at <a href=""mailto:%store_email"">%store_email</a>","Wenn Sie diese Aktion nicht genehmigt haben, kontaktieren Sie uns umgehend unter <a href=""mailto:%store_email"">%store_email</a>"
"If you have questions about your order, you can email us at <a href=""mailto:%store_email"">%store_email</a>","Wenn es Fragen zu Ihrer Bestellung gibt, mailen Sie uns an <a href=""mailto:%store_email"">%store_email</a>"
"If you requested this change, set a new password here:","Wenn Sie diese Änderung angefordert haben, erstellen Sie ein neues Passwort hier:"
"In stock","Auf Lager"
"In stock alert! We wanted you to know that these products are now available:","Wieder auf Lager-Alarm! Wir wollten Sie wissen lassen, dass diese Produkte jetzt verfügbar sind:"
"Incl. Tax","inkl. MwSt."
"Incorrect credit card expiration month.","Falscher Kreditkartenablaufmonat."
"Incorrect credit card expiration year.","Falsches Kreditkartenablaufjahr."
"Info:","Info:"
"Invite your friends by entering their email addresses","Laden Sie Ihre Freunde ein, indem Sie deren E-Mail-Adressen eingeben"
"Invitee","n/a"
"Invoice #","Rechnung #"
"Invoice for your %store_name order","Rechnungen für Ihre %store_name Bestellung"
"Invoices","Rechnungen"
"It's a default billing address.","Dies ist eine Standard Rechnungsadresse."
"It's a default shipping address.","Dies ist eine Standard Lieferadresse."
"Item","Artikel"
"item","Artikel"
"Item in Cart","Artikel im Warenkorb"
"items","Artikel"
"Items","Artikel"
"Items %1 to %2 of %3 total","Artikel %1 bis %2 von insgesamt %3"
"Items %1-%2 of %3","Artikel %1 - %2 von insgesamt %3"
"Items in Cart","Artikel im Warenkorb"
"Items in Your Shopping Cart","Artikel im Warenkorb"
"Items Invoiced","Gegenstände in Rechnung gestellt"
"Items Ordered","bestellte Artikel"
"Items Refunded","zurückerstattete Artikel"
"Items Shipped","versandte Artikel"
"JavaScript seems to be disabled in your browser.","JavaScript scheint in Ihrem Browser deaktiviert zu sein."
"Jot us a note and we’ll get back to you as quickly as possible.","Hinterlassen Sie uns eine Nachricht und wir werden uns schnellstmöglich bei Ihnen melden."
"label","Rücksendeschein"
"Last Added Items","Zuletzt hinzugefügte Produkte"
"Last Name","Nachname"
"Last Ordered Items","Zuletzt bestellte Produkte"
"Learn More","Mehr Erfahren"
"Loading...","Laden..."
"Local Storage seems to be disabled in your browser.","Lokaler Speicher scheint in Ihrem Browser deaktiviert zu sein."
"Local Time","Ortszeit"
"Location","Standort"
"Login","Anmeldung"
"Make Check payable to","n/a"
"Make Check payable to:","n/a"
"Manage Addresses","Adressen verwalten"
"Maximum %1 email addresses allowed.","Maximal %1 E-Mail-Adressen erlaubt."
"Maximum image height","Maximale Bildhöhe"
"Maximum image width","Maximale Bildbreite"
"Maximum number of characters:","Maximale Anzahl Zeichen:"
"Medium","Medium"
"Menu","Menü"
"Message","Nachricht"
"Message from %customer_name:","Nachricht von %customer_name:"
"Message from %sender_name:","Nachricht von %sender_name:"
"Message:","Nachricht:"
"Method Title","Liefermethode"
"Minute","Minute"
"Modify your search.","Ändern Sie Ihre Suchanfrage."
"More Choices:","Mehr Auswahl:"
"More Information","weitere Informationen"
"Move Selected to Wish List","Auswahl auf Wunschliste verschieben"
"Move to Wish List","Auf Wunschliste verschieben"
"Move to Wishlist","Auf Wunschliste verschieben"
"My Account","Mein Konto"
"My billing and shipping address are the same","Meine Rechnungs- und Lieferadresse sind gleich"
"My Cart","Warenkorb"
"My Dashboard","Meine Übersicht"
"My Invitations","Meine Einladungen"
"My Orders","Meine Bestellungen"
"My Recent Reviews","Meine letzten Bewertungen"
"My Wish Lists","Meine Wunschliste"
"N/A","N/A"
"name","name"
"Name","Name"
"New Address","Neue Adresse"
"New Billing Agreement","Neue Abrechnungsvereinbarung"
"New Customers","Neue Kunden"
"New Password","Neues Passwort"
"New Products","Neues Produkt"
"Newsletter subscription confirmation","Newsletter-Abo-Bestätigung"
"Newsletter subscription success","Newsletteranmeldung erfolgreich durchgeführt"
"Newsletter Subscriptions","Newsletter-Anmeldung"
"Newsletter unsubscription success","Newsletterabmeldung erfolgreich durchgeführt"
"Newsletters","Newsletters"
"Next","Weiter"
"Nickname","Spitzname"
"No options of this product are available.","Keine Optionen dieses Produkts sind verfügbar."
"No Password","Kein Passwort"
"No Payment method available.","Keine Zahlungsmethode vorhanden."
"No shipping information available","Keine Versandinformationen verfügbar"
"None","leer"
"none","leer"
"Not yet calculated","Noch nicht berechnet"
"Notify me when the price drops","Benachrichtigen Sie mich, wenn der Preis sinkt"
"Notify me when this product is in stock","Benachrichtigen Sie mich, wenn dieses Produkt wieder auf Lager ist"
"Now Shopping by","Jetzt Einkaufen bei"
"Once your package ships we will send an email with a link to track your order.","Sobald Ihr Paket versendet wurde, schicken wir Ihnen eine E-Mail mit dem Link, zur Bestellverfolgung."
"Once your package ships we will send you a tracking number.","Sobald Ihr Paket versendet wurde, schicken wir Ihnen die Sendeverfolgungsnummer."
"Only %1 left","Nur noch %1 übrig"
"Only registered users can write reviews. Please <a href=""%1"">Sign in</a> or <a href=""%2"">create an account</a>","Nur registrierte Nutzer können Bewertungen schreiben. Bitte <a href=""%1"">Anmelden</a> oder<a href=""%2""> Konto erstellen</a>"
"Options Details","Optionen Details"
"or","oder"
"or call us at <a href=""tel:%store_phone"">%store_phone</a>","oder rufen Sie uns unter <a href=""tel:%store_phone"">%store_phone </a>an"
"Order #","Bestellung #"
"Order by SKU","Ordnen nach Artikelnummer"
"Order ID","Bestellnummer"
"Order Information","Bestellinformation"
"Order Review","Bestellbewertung"
"Order Shipments","Meine Sendungen"
"Order Status","Bestellstatus"
"Order Summary","Bestellübersicht"
"Order Total","Bestellung Gesamtsumme"
"Order Total Excl. Tax","Bestellung Gesamtsumme exkl. MwSt."
"Order Total Incl. Tax","Bestellung Gesamtsumme inkl. MwSt."
"Order total will be displayed before you submit the order","Die Bestellsumme wird angezeigt, bevor Sie die Bestellung abschicken"
"Order tracking","Sendungsverfolgung"
"Ordered","Bestellt"
"Orders","Bestellungen"
"Orders and Returns","Bestellungen und Rücksendungen"
"Other items in your order","Andere Artikel in Ihrer Bestellung"
"Our hours are <span class=""no-link"">%store_hours</span>.","Unsere Öffnungszeiten sind <span class=""no-link"">%store_hours</span>."
"Out of stock","Ausverkauft"
"Overview","Übersicht"
"Owner","Eigentümer"
"Owner Email","Eigentümer Email"
"Page","Seite"
"Password","Passwort"
"Password forgotten","Passwort vergessen"
"Password Strength","Passwortstärke"
"Password you set when creating account","Passwort, dass Sie beim Erstellen des Kontos festlegen"
"Password:","Passwort:"
"Payment","Zahlung"
"Payment Information","Zahlungsinformation"
"Payment Method","Zahlungsmethode"
"Payment Method:","Zahlungsmethode:"
"Payment was canceled","Die Zahlung wurde storniert"
"PayPal Account","PayPal-Konto"
"per page","pro Seite"
"Personal Information","Persönliche Angaben"
"Phone Number","Telefonnummer"
"Place Order","Bestellung aufgeben"
"Placed on <span class=""no-link"">%created_at</span>","Bestellt am <span class=""no-link"">%created_at</span>"
"Please ","Bitte "
"Please accept this invitation to join %store_name.","Bitte akzeptieren Sie die Einlagung, um sich mit %store_name zu verbinden."
"Please choose a payment method.","Bitte wählen Sie eine Zahlungsmethode."
"Please click ","Bitte klicken "
"Please confirm your %store_name account","Bitte bestätigen Sie Ihr %store_name Konto"
"Please do not refresh the page until you complete payment.","Bitte aktualisieren Sie die Seite nicht, bis Ihre Zahlung abgeschlossen ist."
"Please enter a valid credit card number.","Bitte geben Sie eine gültige Kreditkartennummer ein."
"Please enter a valid credit card type number.","Bitte wählen Sie eine gültige Kreditkartenart"
"Please enter a valid credit card verification number.","Bitte geben Sie eine gültige Kreditkartenprüfnummer ein."
"Please enter at least two letters.","Bitte geben Sie mindestens zwei Buchstaben ein."
"Please enter your email address below to receive a password reset link.","Bitte geben Sie unten Ihre E-Mail-Adresse ein, um den Link zum Zurücksetzten Ihres Passworts zu erhalten"
"Please enter your email below and we will send you the confirmation link.","Bitte geben Sie Ihre E-Mail unten ein und wir senden Ihnen den Bestätigungslink zu."
"Please select a region, state or province.","Bitte wählen Sie ein Bundesland aus."
"Please select a shipping address for applicable items.","Bitte wählen Sie die Lieferadresse für das jeweilige Produkt"
"Please select a shipping method...","Bitte wählen Sie eine Versandart..."
"Please select items to copy.","Bitte wählen Sie die zu kopierenden Gegenstände aus."
"Please select items to move.","Bitte wählen Sie die zu verschiebenden Gegenstände aus."
"Please type the letters below","Bitte geben Sie die Buchstaben unten ein"
"Please update order data to get shipping methods and rates","Bitte aktualisieren Sie die Bestelldaten, um Versandmethoden und Tarife zu erhalten"
"Please use the following link to create an account and view the deals:","Bitte benutzen Sie den folgenden Link, um ein Konto zu erstellen und die Angebote zu sehen:"
"Posted on","Gesendet am"
"Prev","zurück"
"Previous","zurück"
"Price","Preis"
"Price change alert! We wanted you to know that prices have changed for these products:","n/a"
"Price:","Preis:"
"Print All Invoices","Alle Rechnungen ausdrucken"
"Print All Refunds","Alle Rückerstattungen drucken"
"Print All Shipments","Alle Bestellungen ausdruciken"
"Print Invoice","Rechnung ausdrucken"
"Print Order","Bestellung ausdrucken"
"Print Refund","Rückerstattung ausdrucken"
"Print Shipment","Lieferinformation ausdrucken"
"Print This Page","Diese Seite drucken"
"Private Wish List","Private Wunschliste"
"Proceed through checkout faster","Schneller durch den Zahlungsprozess"
"Proceed to Checkout","Zur Kasse"
"Product","Produkt"
"Product availability","Produktverfügbarkeit"
"Product Details and Comment","Produktdetails und Kommentare"
"Product Info","Produktinformation"
"Product Name","Produktname"
"Product Rating","Produktbewertung"
"Product Rating:","Produktbewertung:"
"Product Review (submitted on %1):","Produktbewertung (eingereicht am %1):"
"Product Reviews","Produktbewertungen"
"Products back in stock alert","Benachrichtigung, dass Produkte wieder auf Lager sind"
"Products price changed alert","Produktpreisänderungsbenachrichtigung"
"Products Requiring Attention","n/a"
"Provided Zip/Postal Code seems to be invalid.","Die angegebene Postleitzahl scheint nicht korrekt zu sein."
"Public Wish List","Öffentliche Wunschliste"
"Purchase Order Number","Bestellnummer"
"px.","px."
"Qty","St"
"Qty:","St:"
"Qty Invoiced","St. in Rechnung gestellt"
"Qty Shipped","St. Versendet"
"Quantity","Menge"
"Rating","Bewertung"
"Ratings Review Summary","Bewertungen Übersicht"
"Recent Orders","letzte Bestellungen"
"Recently added item(s)","Kürzlich hinzugefügte Artikel"
"Recently Compared","Kürzlich verglichen"
"Recently Ordered","Kürzlich bestellt"
"Recently Viewed","Kürzlich angesehen"
"Reference ID","Referenznummer"
"Reference ID:","Referenznummer:"
"Refund #","Rückerstattung #"
"Refund #%1","Rückerstattung #%1"
"Refunded","Zurückerstattet"
"Refunded to Store Credit","zurück gezahlt als Gutschrift"
"Refunds","Rückerstattungen"
"Registered Customers","Registrierte Kunden"
"Regular Price","Regulärer Preis"
"Related Orders","Ähnliche Bestellungen"
"Related Products","Ähnliche Produkte"
"Reload captcha","Captcha neu laden"
"Remember Me","Angemeldet bleiben"
"Remove","Entfernen"
"Remove All","Alles entfernen"
"Remove item","Artikel entfernen"
"Remove Product","Produkt entfernen"
"Remove Recipent","Empfänger entfernen"
"Remove Row","Reihe entfernen"
"Remove This Item","Diesen Artikel entfernen"
"Reorder","Neu anordnen"
"Report All Bugs","n/a"
"Required Fields","Pflichtfelder"
"Reset","Zurücksetzen"
"Reset My Password","Mein Passwort zurück setzen"
"Reset your %store_name password","%store_name Passwort zurücksetzten"
"Review","Bewertung"
"Review & Payments","Überprüfen & Zahlungen"
"Review by","Bewertet von"
"Review Details","Details überprüfen"
"Review Order","Bestellung überprüfen"
"Reviews","Bewertungen"
"Row Total","Gesamt"
"Save","Speichern"
"Save Address","Adresse speichern"
"Save credit card information for future use.","Kreditkarteninformation für erneute Nutzung speichern."
"Save in address book","Im Adressbuch speichern"
"Search","Suche"
"Search By","Suchen nach"
"Search entire store here...","Durchsuche hier den gesamten Shop..."
"Search Options","Suchoptionen"
"Search Results","Suchergebnisse"
"Search Settings","Sucheinstellungen"
"Search Terms","Suchbegriffe"
"See Details","Siehe Einzelheiten"
"See order and shipping status","Siehe Bestell- und Versandstatus"
"See our Shipping Policy","Siehe Versandinformationen"
"See price before order confirmation.","Prüfen Sie den Preis für die Bestatigung der Bestellung."
"See terms","siehe AGBs"
"Select a new payment method","Neue Zahlungsmethode auswählen"
"Select Address","Adresse auswählen"
"select all","alle auswählen"
"Select all","Alle auswählen"
"Select Method","Methode auswählen"
"Select Shipping Method","Liefermethode auswählen"
"Send Check to","Scheck senden an"
"Send Check to:","Scheck senden an:"
"Send confirmation link","Bestätigungslink senden"
"Send Email","E-Mail senden"
"Send Invitations","Einladung senden"
"Send To","Senden an"
"Send Welcome Email From","n/a"
"Sender","Absender"
"Set a New Password","Neues Passwort erstellen"
"Set Ascending Direction","niedrigster Preis"
"Set Descending Direction","höchster Preis"
"Settings","Einstellungen"
"Share Wish List","Wunschliste teilen"
"Sharing Information","Informationen teilen"
"Ship Here","Senden an"
"Ship To","Senden an"
"Ship to Multiple Addresses","Versand zu mehreren Adressen"
"Ship To:","Senden an:"
"Shipment #","Lieferung #"
"Shipment #%1","Lieferung #%1"
"Shipped","Geliefert"
"Shipped By","Geliefert durch"
"Shipping","Versand"
"Shipping Address","Lieferadresse"
"Shipping Info","Lieferinfo"
"Shipping Information","Lieferinformation"
"Shipping is not applicable.","Dieser Versand ist nicht möglich."
"Shipping Method","Liefermethode"
"Shipping Method:","Liefermethode:"
"Shipping Methods","Liefermethoden"
"Shipping To","Liefern an"
"Shop By","Sortieren nach"
"Shopping Cart Items","Warenkorb Artikel"
"Shopping Options","Einkaufsmöglichkeiten"
"Show","Anzeigen"
"Sign a billing agreement to streamline further purchases  with PayPal.","Unterschreiben Sie eine Abrechnungsvereinbarung, um weitere Käufe mit PayPal zu vereinfachen."
"Sign a billing agreement to streamline further purchases with PayPal.","Unterschreiben Sie eine Abrechnungsvereinbarung, um weitere Käufe mit PayPal zu vereinfachen."
"Sign In","Anmelden"
"Sign Up for Newsletter","Für den Newsletter anmelden"
"Sign Up for Our Newsletter:","Für unseren Newsletter anmelden:"
"Sign-in Information","Anmeldeinformationen"
"Skip to Content","Zum Inhalt springen"
"Sku","Artikelnummer"
"SKU","Artikelnummer"
"Sorry, no quotes are available for this order at this time","Leider sind derzeit keine Angebote für diese Bestellung verfügbar"
"Sorry, no quotes are available for this order right now.","Leider sind derzeit keine Kostenvoranschläge für diese Bestellung verfügbar."
"Sorry, something went wrong.","Entschuldigen Sie bitte, etwas ist schief gelaufen."
"Sorry, something went wrong. Please try again later.","Entschuldigen Sie bitte, etwas ist schief gelaufen. Bitte versuchen Sie es später noch einmal."
"Sort By","Sortieren nach"
"Special Price","Spezieller Preis"
"Starting at","Beginnend von"
"State/Province","Bundesland"
"Status","Status"
"Status:","Status:"
"Store alternative addresses (for shipping to multiple family members and friends)","Speichern Sie alternative Adressen (für den Versand an mehrere Familienmitglieder und Freunde)"
"Store credit","Einkaufskredit"
"Store credit available","Einkaufskredit steht zur Verfügung"
"Store Credit update","Einkaufskredit Update"
"Stored Payment Methods","Gespeicherte Zahlungsmethoden"
"Street Address","Straße"
"Street Address %1","Straße %1"
"Strong","Stark"
"Submit","Bestätigen"
"Submit Review","Bewertung bestätigen"
"Submitted on %1","Bestätigt am %1"
"Submitting order information...","Bestellinformationen bestätigen..."
"Subscribe","Anmelden"
"Subscription option","Anmeldungsoptionen"
"Subtotal","Zwischensummer"
"Subtotal (Excl. Tax)","Zwischensummer (exkl. MwSt.)"
"Subtotal (Incl. Tax)","Zwischensummer (inkl. MwSt.)"
"Summary","Zusammenfassung"
"Take a look at %customer_name's Wish List","Schauen Sie sich die Wunschliste von %customer_name an"
"Tax","MwSt."
"Tax/VAT number","USt-IdNr."
"Thank you for confirming your %store_name account.","Vielen Dank für die Bestätigung Ihres %store_name Kontos."
"Thank you for subscribing to our newsletter.","Danke, dass Sie unseren Newsletter abonniert haben."
"Thank you for your order from %store_name.","Vielen Dank für Ihre Bestellung von %store_name."
"Thank you for your purchase!","Vielen Dank für Ihren Einkauf!"
"Thanks for your order. We'll email you order details and tracking information.","Vielen Dank für Ihre Bestellung. Wir werden Ihnen eine Email mit allen Details und den Sendeinformationen zusenden."
"Thanks,<br>%store_name","Danke,<br>%store_name"
"There are no billing agreements yet.","Es gibt bisher noch keine Abrechnungsvereinbarungen."
"There are no search terms available.","Es sind keine Suchbegriffe vorhanden."
"There are no sent invitations.","Es gibt keine gesendeten Einladungen."
"There is no tracking available for this shipment.","Für diese Sendung ist keine Sendeverfolgung möglich."
"There is no tracking available.","Es ist keine Sendeverfolgung möglich."
"There was recently a request to change the password for your account.","Es gab vor kurzem eine Anforderung, das Passwort für Ihr Konto zu ändern."
"This is demo store. No orders will be fulfilled.","n/a"
"This is your default billing address.","Dies ist Ihre primäre Rechnungsadresse."
"This is your default shipping address.","Dies ist Ihre primäre Lieferadresse."
"This Wish List has no Items","Diese Wunschliste beinhaltet keine Produkte"
"Time","Uhrzeit"
"To","An"
"To begin receiving the newsletter, you must first confirm your subscription by clicking on the following link:","Um den Newsletter zu erhalten, müssen Sie zuerst Ihr Abonnement bestätigen, indem Sie auf den folgenden Link klicken:"
"To comply with the new e-Privacy directive, we need to ask for your consent to set the cookies.","Um die neue e-Privacy-Richtlinie einzuhalten, möchten wir um Ihre Zustimmung bitten, Cookies einsetzten zu können."
"To sign in to our site and set a password, click on the <a href=""%create_password_url"">link</a>:","Um sich bei uns zu registrieren und ein Passwort zu setzen, klicke auf diesen <a href=""%create_password_url""> Link </a>:"
"To sign in to our site, use these credentials during checkout or on the <a href=""%customer_url"">My Account</a> page:","Um sich auf unserer Website anzumelden, benutzen Sie diese Anmeldeinformationen während der Zahlung oder auf der Seite unter <a href=""%customer_url""> Mein Konto </a>:"
"To:","An:"
"Toggle Nav","Toggle Nav"
"Total","Gesamt"
"Total Incl. Tax","Gesamt inkl. MwSt."
"Track history","Bestellübersicht"
"Track order history","Bestellübersicht"
"Track this shipment","Verfolgen Sie diese Sendung"
"Track:","Verfolgen:"
"Tracking information is currently not available. Please ","Die Sendeverfolgung ist im Moment leider nicht verfügbar. Bitte "
"Tracking Number","Sendeverfolgungsnummer"
"Tracking Number:","Sendeverfolgungsnummer:"
"Tracking Number(s):","Sendeverfolgungsnummer(n):"
"Type","Typ"
"Unit Price","Einzelpreis"
"unselect all","alle deselektieren"
"Unsubscribe from all price alerts","Von allen Preisalarmen abmelden"
"Unsubscribe from all stock alerts","Von allen Bestandsmeldungen abmelden"
"Update","Aktualisieren"
"Update Cart","Warenkorb aktualisieren"
"Update Qty &amp; Addresses","Stückzahl und Adresse aktualisieren"
"Update Shipping Method","Liefermethode aktualisieren"
"Update Shopping Cart","Warenkorb aktualisieren"
"Update to your %store_name credit memo","Aktualisieren Sie Ihr %store_name Guthaben"
"Update to your %store_name invoice","Aktualisieren Sie Ihre %store_name Rechnung"
"Update to your %store_name order","Aktualisieren Sie Ihre %store_name Bestellung"
"Update to your %store_name shipment","Aktualisieren Sie Ihre %store_name Lieferung"
"Update Wish List","Wunschliste aktualisieren"
"Updated","Aktualisiert"
"Updated At","Aktualisiert am"
"Updated:","Aktualisiert:"
"Use as my default billing address","Als primäre Rechnungsadresse verwenden"
"Use as my default shipping address","Als primäre Lieferadresse verwenden"
"VAT Number","USt-IdNr."
"Very Strong","Sehr stark"
"View","Ansehen"
"View All","Alle ansehen"
"View all Wish List items","Alle Produkte in der Wunschliste ansehen"
"View as","ansehen als"
"View Details","Details anzeigen"
"View Order","Bestellung ansehen"
"View past orders","Vergängliche Bestellungen ansehen"
"View Product","Produkt ansehen"
"We can't complete your order because you don't have a payment method set up.","Wir können Ihre Bestellung nicht abschließen, weil Sie keine Zahlungsmethode eingerichtet haben."
"We can't create the Wish List right now.","Wir können die Wunschliste im Moment nicht erstellen."
"We can't find any items matching these search criteria.","Wir können keine Artikel finden, die diesen Suchkriterien entsprechen."
"We can't find products matching the selection.","Wir können keine Produkte finden, die der Auswahl entsprechen."
"We found other products you might like!","Wir haben andere Produkte gefunden, die Ihnen gefallen könnten!"
"We have received a request to change the following information associated with your account at %store_name: email, password.","Wir haben eine Anfrage erhalten die folgenden Informationen, die mit Ihrem Konto bei %store_name verbunden sind, zu ändern: E-Mail-Adresse, Passwort."
"We have received a request to change the following information associated with your account at %store_name: email.","Wir haben eine Anfrage erhalten die folgenden Informationen, die mit Ihrem Konto bei %store_name verbunden sind, zu ändern: E-Mail-Adresse."
"We have received a request to change the following information associated with your account at %store_name: password.","Wir haben eine Anfrage erhalten die folgenden Informationen, die mit Ihrem Konto bei %store_name verbunden sind, zu ändern: Passwort."
"We have updated your <a href=""%store_url"">%store_name</a> account and you have credit that you can use for future purchases.","Wir haben Ihr <a href=""%store_url"">%store_name</a> Konto aktualisiert und Sie haben Guthaben, welches Sie für zukünftige Käufe verwenden können."
"We received your order!","Wir haben Ihre Bestellung erhalten!"
"We use cookies to make your experience better.","Wir verwenden Cookies, um Ihre Erfahrung zu verbessern."
"We'll ask for your payment details before you place an order.","Wir werden Sie bevor Sie eine Bestellung aufgeben nach Ihren Zahlungsdaten fragen"
"We'll email you an order confirmation with details and tracking info.","Wir werden Ihnen eine Bestätigungsemail mit Details und Sendeinformation schicken."
"We'll send your order confirmation here.","Wir werden Ihre Bestellbestätigung hier hin senden."
"Weak","Schwach"
"Welcome to %store_name","Willkommen bei %store_name"
"Welcome to %store_name.","Willkommen bei %store_name."
"Welcome, %1!","Willkommen, %1!"
"Welcome, %name","Willkommen, %name!"
"What is PayPal?","Was ist PayPal?"
"What is this?","Was ist das?"
"What's this?","Was ist das?"
"What’s on your mind?","Wie können wir helfen?"
"When you sign in to your account, you will be able to:","Wenn Sie sich bei Ihrem Konto anmelden, können Sie:"
"Wish List","Wunschliste"
"Wish List is empty now.","Die Wunschliste ist nun leer."
"Wish List Items","Wunschliste Produkte"
"Wish List Name","Wunschliste Name"
"Wish List Search","Wunschliste Suche"
"Wishlist","Wunschliste"
"WK","KW"
"Write Us","Schreiben Sie uns"
"Write Your Own Review","Schreiben Sie Ihre eigene Bewertung"
"You already have an account with us. Sign in or continue as guest.","Sie haben bereits ein Konto bei uns. Melden Sie sich an oder fahren Sie als Gast fort."
"You are signed out","Sie sind abgemeldet"
"You can check the status of your order by <a href=""%account_url"">logging into your account</a>.","Sie können den Status Ihrer Bestellung durch <a href=""%account_url"">anmelden in Ihrem Konto</a>überprüfen."
"You can create an account after checkout.","Sie können ein Konto nach dem Zahlungsprozess erstellen."
"You can track your order status by creating an account.","Sie können Ihren Auftragsstatus verfolgen, indem Sie ein Konto erstellen."
"You cannot send more invitations","Sie können keine weiteren Einladungen senden"
"You don't subscribe to our newsletter.","Sie sind nicht für unserem Newsletter angemeldet."
"You have been successfully subscribed to our newsletter.","Sie haben unseren Newsletter erfolgreich abonniert."
"You have been unsubscribed from the newsletter.","Sie sind jetzt vom Newsletter abgemeldet."
"You have no default billing address in your address book.","Sie haben keine primäre Rechnungsadresse in Ihrem Adressbuch."
"You have no default shipping address in your address book.","Sie haben keine primäre Lieferadresse in Ihrem Adressbuch."
"You have no items in your shopping cart.","Es befinden sich keine Produkte im Warenkorb."
"You have no items in your wish list.","Es befinden sich keine Produkte in Ihrer Wunschliste."
"You have no items to compare.","Sie haben keine Gegenstände zum Vergleichen."
"You have no other address entries in your address book.","Sie haben keine weiteren Adresseinträge in Ihrem Adressbuch."
"You have no stored payment methods.","Sie haben keine gespeicherten Zahlungsmethoden."
"You have placed no orders.","Sie haben keine Bestellung getätigt."
"You have signed out and will go to our homepage in 5 seconds.","Sie haben sich abgemeldet und werden in 5 Sekunden auf unsere Homepage weiter geleitet."
"You have submitted no reviews.","Sie haben noch keine Bewertungen abgegeben."
"You must confirm your %customer_email email before you can sign in (link is only valid once):","Sie müssen Ihre Emailadresse %customer_email bestätigen, bevor Sie sich anmelden können (Link ist nur ein mal gültig):"
"You must select items to add to the cart.","Sie müssen Produkte auswählen, die zum Warenkorb hinzugefügt werden sollen."
"You subscribe to ""General Subscription"".","Sie sind für unseren ""allgemeinen Newsletter"" angemeldet."
"You will be redirected to the payment system website.","Sie werden auf die Webseite des Zahlungssystems weitergeleitet werden."
"You will be redirected to the PayPal website when you place an order.","Sie werden während der Bestellung auf die PayPal Webseite weitergeleitet werden."
"You will be redirected to the PayPal website.","Sie werden auf die PayPal Webseite weitergeleitet werden."
"You will be redirected to the Worldpay website.","Sie werden auf die Worldpay Webseite weitergeleitet werden."
"You will be required to enter your payment details after you place an order.","Sie müssen Ihre Zahlungsinformationen nach Aufgabe Ihrer Bestellung angeben."
"You will see the order total before you submit the order.","Sie werden die Gesamtsummer vor der Bestellabgabe nochmals angezeigt bekommen."
"You're currently reading page","Du liest gerade die Seite"
"You're reviewing:","Sie bewerten:"
"Your %store_name email and password has been changed","Ihre %store_name Emailadresse und Passwort wurden geändert"
"Your %store_name email has been changed","Ihre %store_name Emailadresse wurde geändert"
"Your %store_name order confirmation","Ihre %store_name Bestellbestätigung"
"Your %store_name order has shipped","Ihre %store_name Bestellung wurde versendet"
"Your %store_name password has been changed","Ihr %store_name Passwort wurde geändert"
"Your balance is:","Ihre Bilanz beträgt:"
"Your billing agreement # is: ","Ihre Abrechnungsvereinbarungsnummer # ist:"
"Your credit card will be charged for","Ihre Kreditkarte wird belastet mit"
"Your Credit Memo #%creditmemo_id for Order #%order_id","Ihre Gutschrift #%creditmemo_id für Bestellung #%order_id"
"Your Customization","Ihre Personalisierung"
"Your Invoice #%invoice_id for Order #%order_id","Ihre Rechnung #%invoice_id für Bestellung #%order_id"
"Your order # is: <span>%1</span>.","Ihre Bestellnummer # lautet: <span>%1</span>."
"Your order #%increment_id has been updated with a status of <strong>%order_status</strong>.","Ihre Bestellung #%increment_id hat nun den Status: <strong>%order_status</strong>."
"Your Order <span class=""no-link"">#%increment_id</span>","Ihre Bestellung <span class=""no-link"">#%increment_id</span>"
"Your order number is: ","Ihre Bestellnummer lautet: "
"Your order number is: %1.","Ihre Bestellnummer lautet: %1"
"Your order numbers are: ","Ihre Bestellnummern lauten: "
"Your order #%order_id","Ihre Bvestellung #%order_id"
"Your payment has been successfully processed by our shop system.","Ihre Zahlung wurde erfolgreich bearbeitet."
"Your Rating","Ihre Bewertung"
"Your Review","Ihre Bewertung"
"Your search returned no results.","Deine Suche ergab keine Ergebnisse."
"Your Shipment #%shipment_id for Order #%order_id","Ihre Lieferung #%shipment_id für Bestellung #%order_id"
"Your shipping confirmation is below. Thank you again for your business.","Ihre Versandbestellung finden Sie weiter unten. Nochmals vielen Dank für Ihre Bestellung."
"Your Store Credit balance is now %balance.","Ihre Guthaben beträgt jetzt %balance."
"ZIP Code","Postleitzahl"
"Zip/Postal Code","Postleitzahl"
"Continue to ","Weiter "
"Use Saved Card","Verwenden Sie eine gespeicherte Karteninformation"
"Save this card","Diese Karteninformation speichern"
"Place Order","Bestellung aufgeben"
"Swift Code","SWIFT-Kode"
"Continue to Giropay","Weiter zu Giropay"
"Bank Code","Bankleitzahl"
"Continue to iDeal","Weiter zu iDeal"
"Continue to PayPal","Weiter zu PayPal"
"My Saved Cards","Meine gespeicherten Karten"
"You added %1 to your shopping cart.","Sie haben %1 zu Ihrem Warenkorb hinzugefügt."
"We don't have as many ""%1"" as you requested.","Wir haben die gewünschte Anzahl an ""%1"" nicht auf Lager."
"Full Description","Gesamte Beschreibung"
"Rate this product","Bewerten Sie dieses Produkt"
"You submitted your review for moderation.","Sie haben Ihre Bewertung zur Moderation eingereicht."
"Please select one of each of the ratings above.","Bitte wählen Sie eine der oben genannten Bewertungen aus."
"This is a required field.","Dies ist ein Pflichtfeld."
"Shopping Cart","Warenkorb"
" Cart ","Karte"
"This Item","Dieser Artikel"
"You will Need","Extras"
"We recommend the following essential products","Wir empfehlen die folgenden Produkte ebenfalls"
"We recommend the following essential products:","Wir empfehlen die folgenden Produkte ebenfalls:"
"You will receive an order confirmation email with details of your order and a link to track its progress.","Sie werden eine Auftragsbestätigungs-E-Mail mit den Einzelheiten Ihrer Bestellung und einen Link, um dessen Fortschritt zu verfolgen, erhalten."
"Delivery & Returns","Lieferungen & Rücksendungen"
"Our 128-bit encryption keeps your personal data secure and secure.","Durch unsere 128-bit Verschlüsselung bleiben Ihre personlichen Daten stets geschützt und sicher."
"Sign Out","Abmelden"
"Customer Login","Kunden"
"Invalid login or password.","Ungültige Emailadresse oder Passwort."
"More Info","Weitere Informationen"
"Similar Products","Ähnliche Produkte"
"Are you sure you would like to remove this item from the shopping cart?","Sind Sie sicher, dass Sie diesen Artikel aus dem Warenkorb entfernen möchten?"
"Please enter a valid email address (Ex: johndoe@domain.com).","Bitte geben Sie eine gültige E-Mail-Adresse ein (zB.: maxmustermann@domain.de)."
"Minimum length of this field must be equal or greater than %1 symbols. Leading and trailing spaces will be ignored.","Die Mindestlänge dieses Feldes muss gleich oder größer als %1 Zeichenzahlen sein. Führende und nachgestellte Leerzeichen werden ignoriert."
"Please enter the same value again.","Bitte nochmals eingeben."
"Minimum of different classes of characters in password is %1. Classes of characters: Lower Case, Upper Case, Digits, Special Characters.","Das Minimum der verschiedenen Klassen von Zeichen im Passwort ist %1. Klassen von Zeichen: Kleinbuchstaben, Großbuchstaben, Ziffern, Sonderzeichen."
"Please enter only digits.","Bitte geben Sie nur Ziffern ein."
"Please enter a valid credit card number.","Bitte geben Sie eine gültige Kreditkartennummer ein."
"%1 and above","%1 und höher"
"Position","Position"
"Click <a href=""%1"" onclick=""this.target='_blank'"" class=""print"">here</a> to print a copy of your order confirmation","Klicken Sie <a href=""%1"" onclick=""this.target='_blank'"" class=""print"">here</a> um eine Kopie der Bestellbestätigung aus zu drucken."
" Thank you for your purchase! ","Danke für Ihren Einkauf!"
"Fast Delivery","Schnelle Lieferung"
"Pending","In Bearbeitung"
"Back to My Orders","Zurück zu meinen Bestellungen"
"Social","Social"
"Top Tips","Top Tipps"
"Read our Top Tips","Lesen Sie unsere Top Tipps"
"Thank you for registering with %1.","Vielen Dank für die Anmeldung bei %1."
"Thank you, %store_name","Vielen Dank, %store_name"
"Shipping & Handling","Versand & Bearbeitung"
"You saved the account information.","Sie haben die Kontoinformationen gespeichert."
"If there is an account associated with %1 you will receive an email with a link to reset your password.","Wenn es ein Konto gibt, dass mit %1 verbunden ist, werden Sie eine E-Mail mit einem Link zur Zurücksetzung Ihres Passwortes, erhalten."
"There is already an account with this email address. If you are sure that it is your email address, <a href=""%1"">click here</a> to get your password and access your account.","Es existiert bereits ein Konto mit dieser E-Mail-Adresse. Wenn Sie sicher sind, dass es Ihre E-Mail-Adresse ist, <a href=""%1""> klicken Sie hier</a>, um Ihr Passwort zu erhalten und auf Ihr Konto zuzugreifen."
"Thank you for your subscription.","Vielen Dank für Ihr Anmeldung."
"To avoid your Junk or Spam folder, please add ","Um Ihren Junk- oder Spam-Ordner zu vermeiden, bitte hinzufügen "
" to your contacts."," zu ihren kontakten"
"Dear Customer,","Sehr geehrter Kunde,"
"Thank you for your request to subscribe to our newsletters and special offers from ","Vielen Dank für Ihre Anfrage, um unsere Newsletter und Sonderangebote abonnieren zu können "
"To ensure that you receive our newsletters and special offers in your Inbox you need to mark our email address as safe, so it does not automatically go into your Spam or Junk folder. Instructions on how to do this for the most popular email applications are provided below.","Um sicherzustellen, dass Sie unseren Newsletter in Ihren Posteingang bekommen und diese nicht automatisch in den Junk Ordner geleitet werden, müssen Sie unsere E-Mail-Adresse als sicher markieren. Eine Anleitung dazu finden Sie weiter unten."
"Open the email we sent you and click the Mark as Safe link at the top.","Öffnen Sie die E-Mail, die wir Ihnen geschickt haben und klicken Sie oben auf den 'Als sicher markieren'-Link."
"Yahoo Mail & Google Mail","Yahoo Mail & Google Mail"
"Open the email we sent you and click the Not Spam button if there is one.","Öffnen Sie die E-Mail, die wir Ihnen geschickt haben und klicken Sie oben auf den 'Kein Junk'-Link."
"Open the email we sent you and in the toolbar area at the top of the window select Safe Lists and then Add Sender’s Domain to Safe Senders List.","Öffnen Sie die E-Mail, die wir Ihnen geschickt haben, und klicken Sie im Symbolleistenbereich oben im Fenster auf sichere Listen und dann auf Absender-Domain zu Safe Senders List."
"Windows Mail","Windows Mail"
"Go to the Tools menu and then select Junk E-mail Options. Select the Safe Senders tab and add ","Gehen Sie zum Menü Extras und wählen Sie dann Junk-E-Mail-Optionen. Wählen Sie die Registerkarte Safe Senders und fügen Sie hinzu"
" to the Safe Senders list."," zur Liste der sicheren Absender."
"Thank you for subscribing. We hope you finding our mailings useful and informative. However, should you wish to unsubscribe at any time, simply click the unsubscribe link that can be found at the bottom of any of our newsletters.","Danke fürs Abonnieren. Wir hoffen, dass Sie unsere Mailings nützlich und informativ finden. Sollten Sie sich dennoch jederzeit abmelden möchten, klicken Sie einfach auf den Abmelden-Link, der am unteren Rand eines unserer Newsletters gefunden werden."
"We are sorry to hear you no longer wish to receive the newsletter. Your newsletter unsubscription has been successful.","Wir bedauern es, dass Sie den Newsletter nicht mehr erhalten möchten. Ihre Newsletter-Abmeldung war erfolgreich."
"Carrier with such method not found:","Kein Spediteur für diese Liefermethode gefunden:"
"Home","Home"
"Search results for: '%1'","Suchergebnisse für: '%1'"
"Related search terms","Verwandte Suchbegriffe"
"Did you mean","Meinten Sie"
"The most you may purchase is %1.","Die höchste Stückzahl die Sie kaufen können ist %1."
"You need to choose options for your item.","Sie müssen Optionen für Ihr Produkt auswählen."
"Forgot Your Password","Passwort vergessen?"
"Discount","Rabatt"
"Your Order","Ihre Bestellung"
"Your order","Ihre Bestellung"
"You updated your password.","Sie haben Ihr Passwort aktualisiert."
"The coupon code has been accepted.","Der Gutscheincode wurde akzeptiert."
"The coupon code ""%1"" is not valid.","Der Gutscheincode ""%1"" ist nicht gültig."
"Coupon code is not valid.","Gutscheincode ist nicht gültig."
"Coupon code is not valid","Gutscheincode ist nicht gültig"
"You used coupon code ""%1"".","Sie haben Gutscheincode ""%1"" verwendet."
"You saved the address.","Sie haben die Adresse gespeichert."
"We\'re unable to send the password reset email.","Wir können das Passwort nicht zurücksetzen."
"Too many password reset requests. Please wait and try again or contact %1.","Zu viele Passwortänderungsanfragen. Bitte warten Sie und versuchen Sie es erneut oder wenden Sie sich an %1."
"Payer Email","Zahler E-Mail"
"Payer ID","Zahler-ID"
"Payer Status","Zahler Status"
"Payer Address ID","Zahleradresse"
"Payer Address Status","Zahleradressen Status"
"Some of the products are out of stock.","Einige der Produkte sind nicht auf Lager."
"This product is out of stock.","Dieses Produkt ist nicht mehr auf Lager."
"Your password reset link has expired.","Ihr Passwortänderungslink ist abgelaufen."
"Please select an option.","Bitte wählen Sie eine Option."
"Your shopping cart has been updated with new prices.","Ihr Warenkorb wurde mit neuen Preisen aktualisiert."
"This email address is already assigned to another user.","Diese E-Mail-Adresse ist bereits einem anderen Benutzer zugewiesen."
"There was a problem with the subscription: %1","Es gab ein Problem mit dem Abonnement: %1"
"Something went wrong with the subscription.","Etwas ging mit dem Abonnement schief."
"You unsubscribed.","Sie sind abgemeldet."
"Something went wrong while unsubscribing you.","Etwas ist während der Abmeldung schief gelaufen."
"Bank Transfer Payment","Zahlung per Banküberweisung"
"PayPal Express Checkout Token does not exist.","PayPal Express Checkout Erlaubnis existiert nicht."
"Discount (%1)","Rabatt (%1)"
"We removed the subscription.","Wir haben das Abonnement annulliert."
"We saved the subscription.","Wir haben das Abonnement gespeichert."
"You canceled the coupon code.","Sie haben den Gutscheincode gelöscht."
"Your coupon was successfully applied.","Ihr Gutschein wurde erfolgreich angewendet."
"Your coupon was successfully removed.","Ihr Gutschein wurde erfolgreich entfernt."
"Cancel coupon","Gutschein abbrechen"